id,texto,sentimento
668,silvia descobrindo a existÃªncia da crianÃ§a que ela mais amou no mundo capÃ­tulo 89 #DuasCaras #DuasCarasNoGloboplay,1
306,saudades da minha novelinha laÃ§os de famÃ­lia e meu casal amor proibido capitu e fred faria os dois foda-se https://t.co/nj052SesQM,1
188,"Estou achando Vereda Tropical tÃ£o chatinha. Acho q vou desistir. NÃ£o tenho aquela empolgaÃ§Ã£o pra maratonar. O comeÃ§o foi bom, estava gostando.",-1
605,Mds a Dinah Ã© muito burra #aviagemnogloboplay,-1
896,Conde Ã© da zoeira!!! #AGataComeuNoGLOBOPLAY,1
251,Mulheres apaixonadas ali como se ninguÃ©m fosse perceber,0
151,Querendo comer porÃ©m dona i esta assistindo Terra Nostra na cozinha e eu n quero pegar spoiler,0
493,"deveria ser proibido o clone sofrer cortes, que CRIME... o gancho do primeiro capÃ­tulo vai ser na morte de sÃ¡lua, sofro",-1
849,a falta q eu sinto de laÃ§os de famÃ­lia nÃ£o cabe em mim,1
91,Vi Duna no cinema pela segunda vez e continuo tendo a mesma opiniÃ£o: a melhor cena de briga de cigano depois do final da novela Pedra sobre Pedra,1
158,"Assistindo a entrevista do elenco de Round 6 no Jimmy Fallon, acho que nunca vou conseguir lidar com a beleza desse elenco",1
435,"eu gostei Ã© meio Ã¡gua com aÃ§Ãºcar, envolve empatia, gratidÃ£o tipo laÃ§os de familia",1
192,Glorinha tava maravilhosa demais nesse capÃ­tulo. â™¥ï¸ #mulheresdeareianoGloboplay https://t.co/S1WGvgXXnU,1
570,A terceira temporada de Sex Education jÃ¡ estÃ¡ disponÃ­vel na Netflix! ,0
1011,Eu passo 3 meses fora e a tl tÃ¡ pedindo remake de Terra Nostra com a ðŸŒ¹. O que tÃ¡ acontecendo? O que eu perdi?,0
859,Marcos tÃ¡ com o diabo no couro. JÃ¡ Ã© o segundo pau que ele quer dar no CÃ©sar. #MulheresDeAreia,-1
259,@fulano O termÃ´metro pra terra nostra (e rei do gado tb) serÃ¡ pantanal kkk novelas rurais fazem sucesso mas nÃ£o sÃ£o exploradas. Quem sabe com remakes ðŸ¤”,1
523,ouvindo corcovado bateu uma saudade de assistir laÃ§os de famÃ­lia de tarde junto com mainha e minha vozinha ðŸ¥ºðŸ¥ºðŸ’•,1
515,top 3 novelas da g17 â€” o clone barriga de aluguel amÃ©rica,1
215,ðŸ“¸ | Imagens promocionais do elenco de #SquidGame ou #Round6 no set de gravaÃ§Ãµes. O k-drama jÃ¡ estÃ¡ disponÃ­vel na Netflix. https://t.co/7LHBdtdl7h,0
175,Odeio o barretinho ms que booom ver a Sabrina feliz AAAAAAAAA #DuasCarasNoGloboplay,1
179,Trilha internacional de de chocolate com pimenta em sex education,0
311,"Espero que a Globo venha com Mulheres de Areia pra elevar da mÃ©dia de Ti Ti Ti, que deve fechar abaixo da meta, uns 14.2/14.3 de mÃ©dia geral.",-1
239,passei um Ã¡cido aqui no rosto tive que ir pra varanda uivar pra lua igual a scarlet de a indomada pra ver se dava uma aliviada no calor,0
706,"Na minha opiniÃ£o, a melhor novela original do Aguinaldo Ã© Pedra Sobre Pedra. E acho que ele jÃ¡ demonstrava uma queda de originalidade desde a cultuadÃ­ssima Senhora Do Destino...",1
281,"Giovanna Antonelli relembra danÃ§a do ventre em O clone , que volta no Vale a pena ver de novo : Jade foi popular https://t.co/SVcTC2uVBd",1
131,O Clone vai voltar no Vale a pena ver de novo.... Assistir essa novela duas vezes no mesmo ano pra mim Ã© maravilhoso,1
456,"@fulano A Ãºltima novela foi O Fim do Mundo de 1996, mas o Ãºltimo trabalho na TV foi com Dona Flor e Seus Dois Maridos em 1998",0
866,"Ana Luisa MendonÃ§a entregou demais nessa novela, n entendo pq ela n foi valorizada como a Pilar dps dessa novela.... Acho q se ela n tivesse feito explode coraÃ§Ã£o posteriormente, ctz q ganharia um papel foda em ordg",1
812,"Meus 2 maiores medos: A propaganda eleitoral do Eneas  meu nome Ã© eneas, 5656  E o cadeirudo da novela a indomada(?)",-1
155,Mulheres de Areia ðŸ’› Miau noveleiro ðŸ˜»,1
112,"Terminei round 6 e q tremendo lixo, meu Deus. Quem diria q seguir dica do Twitter seria uma mÃ¡ ideia n Ã© mesmo",-1
108,"de pedra sobre pedra, uma das melhores novelas da globo",1
434,chocolate com pimenta melhor novela da globo dÃ¡ vontade atÃ© de assistir de novo,1
425,ontem o 401 tomou seu primeiro cosmopolitan e foi pra casa assistir mulheres de areia,0
240,Era sÃ³ um reboot de LaÃ§os de FamÃ­lia com Troca de CalÃ§ada de MarÃ­lia MendonÃ§a como tema de Capitu,0
370,E do cadeirudo d A Indomada. Uma amiga imitava ele quando a gente tava dando banda Ã  noite e eu saÃ­a correndo pra casa.,0
975,"meu Deus, O Clone de novooo se bobear sei atÃ© Ã s falas dessa novela",1
690,terra nostra tÃ¡ em situaÃ§Ã£o de vergonha repetindo frase feita de que todo mundo Ã© falso todo mundo Ã© hipÃ³crita malvado e sÃ³ querem atirar crucifixo no pobre coitado do curel https://t.co/SrFrGzbmsD,-1
689,1 like e eu comeÃ§o a assistir terra nostra,1
122,a maior #PedraSobrePedra,1
159,"Dica pra quem nÃ£o viu round 6: nÃ£o veja, Ã© uma merda",-1
664,eu acho que Ã© tipo a novela A Viagem....a gente recebe umas roupas com paletas de cores de acordo se foi pro ceu ou pro inferno.,0
978,TÃ´ aqui assistindo mulheres apaixonadas. Cenas da HeloÃ­sa. NÃ£o sei o final da histÃ³ria. Mas nÃ£o consigo finalizar uma cena sem chorar. Sempre vai doer.,-1
210,Pronto o horÃ³scopo entregou tudo #AGataComeuNoGloboplay,0
294,KKKKKKKK que Ã³dio fui tentar fazer o dalgona do round 6 e ficou uma bela bosta (dica se forem fazer: botei sÃ³ um pouco de bircabonato se nÃ£o o gosto fica horrÃ­vel ðŸ¤¡) espectativa // realidade ,-1
649,Meu Wi-Fi tÃ¡ muito ruim pra ver verdades secretas ðŸ˜­,-1
15,depois que acabar de assistir chocolate com pimenta to pensando em ver alma gemea ou profeta,0
269,"Pronto, terminei Pedra Sobre Pedra. Foi uma delÃ­cia. Ã‰ uma coisa louca. Ã‰ um nonsense mÃ¡gico e folclÃ³rico, folclore brasileiro na veia. A novela tem cenas tÃ£o folclÃ³ricas e doidas que parece um filme europeu/italiano do Federico Fellini sÃ³ com que mÃºsica e humor nacional. Amei.",1
354,O auge do Hugo gloss foi a Ã©poca dos resumos de Verdades Secretas,0
957,Gente a qualidade horrÃ­vel desse teaser de #OClone que passou agora,-1
923,Perdi tudo com Odilon Wagner de peruca ðŸ™ŠðŸ¤£ðŸ¤£ðŸ¤£ðŸ¤£ #TerraNostra,1
401,QUE SA-FA-DOOOOO Conde Ã© perfeito! #AGataComeuNoGLOBOPLAY https://t.co/o7sh9245ws,1
948,Logo se vÃª que Rico nunca assistiu Terra Nostra e nem O Rei do Gado. Hahahh,-1
356,"nÃ£o perco verdades secretas hoje por nada, novela tÃ¡ muito boa kkkk",1
172,laÃ§os de famÃ­lia nacional e internacional bombando aqui hoje,1
913,"todo mundo quer gastar o dinheiro do Toni kkk jÃ¡ basta os presentes caros das crianÃ§as, nÃ£o vai sobrar nada se ele descuida #AGataComeuNoGloboplay",-1
76,e todo mundo sabe que laÃ§os de famÃ­lia Ã© melhor que barriclone,1
864,tÃ´ maratonando #DuasCarasNoGloboplay e tinha esquecido o quanto era boa. Silvia rainha ainda nÃ£o entrou,1
750,TRIVIA: a novela  terra nostra  conta a histÃ³ria da tia joanne,0
857,Sim eu fiquei com esse vÃ­deo na cabeÃ§a pq me lembrava algo agora vi que parece a abertura de mulheres de areia,0
622,"e ai Spotify essa entra no catÃ¡logo quando? tema da novela selva de pedra, agiliza aÃ­ globo",1
583,Eu queria que Neco Pedreira e Dr. LeÃ£o se pegassem e deixassem Telma vendo navios #OBemAmado,0
1018,"muito bom me alienar assistindo sex education, esqueci atÃ© que tenho uma entrevista em algumas horas e que estou em um dilema comigo mesma desde ontem",0
680,marconi ferraÃ§o Ã© um vilÃ£o muito chibata #DuasCarasNoGloboplay,-1
719,comecei a ver mulheres apaixonadas e minha alma noveleira ta feliz demaisss,1
637,silvia olhando entediada para uma janela em um dia de chuva capÃ­tulo 89 #DuasCaras #DuasCarasNoGloboplay,0
626,a reediÃ§Ã£o de vereda tropical tÃ¡ tÃ£o primorosa que dava pro viva pegar e exibir ,1
790,@fulano InÃ­cio do ano tentei Mulheres de Areia e desisti na segunda semana,-1
150,essa mÃºsica Ã© maravilhosa; trilha internacional bombando #AgatacomeuNoGloboplay,1
904,"Assistindo mulheres apaixonadas, sÃ³ o 1Âº dia da trama foi longuÃ­ssimo! Durando 5 capÃ­tulos",-1
51,Acho que jÃ¡ chegou o tempo para o Sr. Walcyr Carrasco escrever a segunda parte de Chocolate Com Pimenta.,0
437,Mais uma chamadinha que acabou de ir ao ar. InshalÃ¡! #OClone ðŸ§¬ðŸ§•ðŸ¼â¤ï¸,1
1006,JÃ¡ fizeram montagem do shownu raspando a cabeÃ§a com a mÃºsica de laÃ§os de famÃ­lia?,0
1012,"Giovanna Antonelli relembra danÃ§a do ventre em O clone , que volta no Vale a pena ver de novo : Jade foi popular",1
168,SabadÃ£o desse e eu assistindo #DuasCarasNoGloboPlay,1
214,"AÃ­ Dina sfat, perdoe os tontos que acham a Fernanda do remake de selva de pedra melhor que a sua Fernanda",-1
60,a gay falou que eu parecia glÃ³ria pires em mulheres de areia,0
646,#AGataComeuNoGloboplay Hj n eh dia de sequestro bebÃª kkkkk,-1
1000,"assistindo #pedrasobrepedra, jÃ¡ comeÃ§a com a gioconda destilando veneno pra hilda",0
369,e Chocolate com Pimenta que eu amava,1
1028,Na minha opiniÃ£o Helena de LaÃ§os de FamÃ­lia foi a melhor Helena do Maneco.. https://t.co/VOEyMMiwQO,1
266,Round 6 Ã© apenas uma sÃ©rie inspirada em Mario Party. https://t.co/XZv4NVspwH,0
601,minha mÃ£e sÃ³ escolheu maysa por causa da novela o clone obrigada rede globo ðŸ™Œ,0
330,O italiano Ã© um idioma artificial criado pela burguesia brasileira pra dar nome em condomÃ­nio e popularizado pela sÃ©rie documentÃ¡ria Terra Nostra,0
788,que vagabunda essa eliane e a pilar ainda criou a filha dela (que tbm se chama eliane) #pedrasobrepedra,-1
13,Quem nÃ£o se lembra da crianÃ§a sequestrada em Explode CoraÃ§Ã£o? Eu tinha medo de pegar carona por causa desta novela! Aqui estÃ¡ uma mÃºsica para vocÃª... Back for Good - Radio Mix de Take That ,-1
284,eu NAO ACREDITO que a novela CHATA que Ã© o O Clone vai passar pela MILESIMA vez na TV,-1
927,"Na tv, indagado qusis as suas favoritas novelas com tarcisio meira, popular manda: selva de pedra e irmaos coragem. Sendo que, tarcisao nÃ£o fez selva, Ã quela, foi o cuoco. No remake, foi o Tony ramos...",0
353,"Tava lembrando aqui da novela Pedra sobre Pedra e uma amiguinha minha levou pro colegio uma planta q ela dizia ser do Jorge Tadeu,dai ela comeu e desmaiou. Foi levada pra diretoria completamente desmaiada. Ou fingindo estar. Eu fiquei impressionada",0
1037,Eu nÃ£o tinha notado que as paredes do dormitÃ³rio da dica dos jogos Ou mostra os jogos que jÃ¡ aconteceram #SquidGame,0
191,muito legal ver a daniela escobar nessa reta final de #TiTiTi parece ate um buzz pra estreia de o clone,1
282,Socorro KKKKKKKKK eu amo chocolate com pimenta vai que,1
608,"Quem assistiu a novela A favorita? No comeÃ§o, todo mundo achava q a Flora era a boazinha, um monte de gente virou as costas pra Donatela e no final....",0
475,"o gancho desse primeiro capÃ­tulo tÃ£o icÃ´nico! ah, como amo... #LaÃ§osDeFamilia",1
1023,"Lembro de quando vc fez a ciganinha Yanda se nÃ£o me engano na novela Explode CoraÃ§Ã£o...hj estÃ¡ essa mulher linda, parabÃ©ns sucesso na sua carreira...",1
92,chocolate com pimenta Ã© muito a minha novelinha conforto. sem dÃºvidas a maior que temos,1
877,"@fulano @fulano @fulano Tive a sorte de ver round 6 um dia antes de comeÃ§arem a falar aqui @fulano , pq se sex education eu consegui ver 3 episÃ³dios no dia seguinte ao lanÃ§amento e jÃ¡ sei a sÃ©rie toda ðŸ¤¡ atÃ© me deu uma broxada de continuar",-1
630,"FerraÃ§o ficou obcecado pela Silvia ai quando ela fica obcecada por ele,ele nÃ£o gosta. Ai ai #DuasCarasNoGloboplay",-1
500,Quase acabando Duas Caras vou sentir falta dessa novelinha ðŸ¤§,1
662,"@fulano Mulheres de Areia, a melhor",1
586,Quase pulando os capÃ­tulos de tieta. Como q a protagonista sÃ³ volta no 17Â° capÃ­tulo? #tieta https://t.co/5gDoiYLcVG,-1
939," Raquel nÃ£o merece seu Ã³dio, merece o seu desprezo  #MulheresDeAreia",0
397,"ðŸš¨MEU DEUS! Em nova entrevista ao The Guardian, Hwang Dong-Hyuk, diretor e criador de Round 6, afirma que jÃ¡ estÃ¡ conversando com a Netflix sobre a produÃ§Ã£o de uma nova leva de episÃ³dios da sÃ©rie. ",0
811,"Esse programa da Globo Ã© chato pra caralho, ao invÃ©s de jÃ¡ comeÃ§ar verdades secretas de uma vez, tomar no cool viu",-1
241,Tieta recÃ©m voltou e jÃ¡ disse que vai fazer algo pela Tonha ðŸ˜­ðŸ˜­ðŸ˜­ðŸ˜­ðŸ˜­ðŸ˜­ðŸ˜­ðŸ˜­ðŸ˜­ Se eu tÃ´ vivendo Ã© sÃ³ pra chegar no capÃ­tulo em que a Tonha volta pro Agreste como UMA NOVA MULHER.,1
348,SÃ³ na espera do Dom Pedro II convidar o Matheo do Terra Nostra pra Iniciativa Higienista.,-1
573, mulheres apaixonadas >>>>>>>>>>>>,1
886,"Rei do Gado sÃ³ vale a 1Âª fase da novela, dps Ã© porre, adorava tirar uma soneca vendo!",-1
502,ALBERTO CHEGOU A CRISTO #AViagemNoGloboplay,0
997,clÃ¡ssicos como Selva de Pedra...IrmÃ£os Coragem...ela fez um compacto....outros classicos como o cafona(1971) ela nÃ£o tem por causa dos incÃªndios....incluindo algumas novelas da Janete....semideus(1973) se perderam nos incÃªndios(1973/1976) ,1
45,"Maratonando a vera a novela #ExplodeCoraÃ§Ã£o. Quando foi exibida eu tinha 4 anos. NÃ£o faÃ§o ideia da repercussÃ£o na Ã©poca, mas tÃ´ torcendo pro JÃºlio se foder e a Dara ficar bem com o Igor. ðŸ¥²",1
635,passando mal com o capÃ­tulo 28 de tieta kkkkkkkkkkkkkkkk,1
115,Ã‰ dessa baixaria que eu gosto. ðŸ˜‚ðŸ˜‚ðŸ˜‚ðŸ˜‚ðŸ˜‚ðŸ˜‚ðŸ˜‚ðŸ˜‚ðŸ˜‚ðŸ˜‚ðŸ—£ðŸ—£ðŸ—£ðŸ—£ðŸ—£ðŸ—£ðŸ—£ðŸ—£ #DuasCarasNoGloboplay,1
292,A 3Â° temporada de Sex Education jÃ¡ estÃ¡ disponivelðŸ˜,1
805,A 3Âª temporada de #SexEducation jÃ¡ estÃ¡ disponÃ­vel na Netflix. ,0
229,Quero assistir  Mulheres de Areia  mas estou com preguiÃ§a porque sÃ£o 201 capÃ­tulos. Quando foi que me tornei essa grande preguiÃ§osa? ,1
366,a fernanda de selva de pedra tem cara de que toma cafÃ© com cachaÃ§a na parte da manhÃ£,0
488,"Alexandre estÃ¡ tentando tomar o lugar de Kayky Brito no remake de chocolate com pimenta, estamos de olho",0
42,"Esse cara Ã© f... mesmo kkk, atÃ© ihuuuuu tem na terra nostra! ðŸ¤£ðŸ¤£ðŸ¤£ðŸ¤£ðŸ¤£ðŸ¤£ðŸ¤£",0
1,simplesmente a plot de O Bem-Amado,1
746,nooo meu belo (estragado) cabelinho... uma foto meio Carolina Dieckmann em laÃ§os de famÃ­lia sabe https://t.co/jCofUgNbnq,0
726,a maior que temos chegou #PedraSobrePedra,1
558,"eita que luxo de primeiro capÃ­tulo, acho que vou deitar pra esse circo #PedraSobrePedra",1
800,como eu amo a energia caÃ³tica dessa pensÃ£o!!! #AViagemNoGloboplay,1
779,"Dois finais emblemÃ¡ticos, pena que Pedra Sobre Pedra foi a Ãºltima novela dele.",1
937,"a diva sempre comenta das duas quando elas aparecem, pq a gente assiste roque e o bem amado juntas",0
283,"Tadeu Hassem, pensa em repetir o que o saudoso Odorico ParaguaÃ§Ãº fez na pequena cidade de Sucupira da velha novela O Bem Amado. Inaugura ramais, pontes, aterros, entrega sacolÃµes, tudo para que seja notado.",1
705,"Silvia Louca de Duas Caras ou Giovana, quem mais quer ir pra Paris? #VerdadeSecretas2",0
1036,Quem Ã© que estÃ¡ narrando as chamas de O Clone? Ã‰ a Jandira Martini mesmo?,0
974,Essa mÃºsica Ã© perfeita d+ trilha d mulheres apaixonadas Chang sempre com bom gosto #IM #ì•„ì´ì—  #CHANGKYUN #ì°½ê·  #MONSTAX #ëª¬ìŠ¤íƒ€ì—‘ìŠ¤,1
125,"Tanta novela boa para reprisar, vÃ£o colocar logo O clone pqp. AtÃ© cogitei voltar a trabalhar presencial de Ã³dio https://t.co/qnj6ErFBlo",-1
186,Edson tem mais bunda que eu #AGataComeuNoGloboplay,0
222,Mais um conde na novela #AGataComeuNoGloboplay,0
52,"Dorgival pediu dois ternos branco e um par de sapato branco,tÃ¡ o prÃ³prio Boto #DuasCarasnoGloboplay",0
797,"Ã‰ Terra Nostra, mana",0
740,"nÃ£o perco Verdades Secretas, por nada!!!!!",1
96,Verdades Secretas foi e sempre serÃ¡ um espetÃ¡culo de produÃ§Ã£o ! Que venha a parte 2 ! #VerdadesSecretas,1
584,"barbara janta silvia no primeiro encontro, ameeeei KKKKK #DuasCarasNoGloboplay",1
492,Jurei q eram as irmÃ£s cajazeiras e o filme era O BEM AMADO.,0
617,LanÃ§amento de MONTERO e nova Season de Sex Education. grande 17/09,1
331,minha mÃ£e me ligando pra dizer que a proxima novela do vale a pena ver de novo vai ser o clone muito bom ser eu mesma ðŸ•Š,1
512,"uma novela ruim, interminÃ¡vel.. dessa vez atÃ© a  esquerda revolucionÃ¡ria  embarcou.. pedra sobre pedra..",-1
747,jÃ¡ aceitou que laÃ§os de famÃ­lia Ã© perfeita?,1
881,"acho essa novela mt boa, n sei pq criticam tanto. o Ãºnico defeito Ã© focar demais nos nÃºcleos paralelos e deixar de lado o principal. quando a novela comeÃ§a a focar mais na silvia/ferraÃ§o/maria paula, vira um novelÃ£o #duascaras",1
453,"Sim, as novelas sÃ£o exportadas pra muitos paÃ­ses e tem grande aceitaÃ§Ã£o no exterior. Aqui no Brasil o nome dessa novela Ã© Terra Nostra kkkk",1
376,Cada vez mais certa que a MÃ¡rcia (Chocolate com Pimenta) Ã© meu spirit animal,1
412,Eu adoro chamar a Pietra de Tieta,1
835,"ðŸ“° | A estrela de  #Round6/#SquidGame  #JungHoYeon compartilhou em uma entrevista como ela comeÃ§ou a atuar, a maior mudanÃ§a em sua vida desde que apareceu no drama, e muito mais! Segue o fio com a entrevista completa",0
56,LaÃ§os de famÃ­lia Eu odeio a iris Eu odeio a Camila,-1
576,eu tÃ´ vivendo pelo cap de vale tudo em que Odete aparece,1
47,LaÃ§os de FamÃ­lia bombando hoje,1
985,CapÃ­tulo 1 do luxinho no TV Time #pedrasobrepedra,0
67,"festa da virginia, mari do prexecao, lanÃ§amento de montero, nova temporada de sex education... eu nÃ£o aguentooooooooo",1
778,17 de setembro Ã© um dos melhores dias do ano pra mim: lanÃ§amento de montero e de sex education ðŸ˜­ðŸ’“,1
446,eu grito q o papel da yasmin brunet em verdades secretas Ã© ficar assim o tempo todo,0
457,tragedia das grandes em sucupira #OBemAmado,-1
224,eu sou cadelinha do thiago desde terra nostra ,1
325,"raramente essas novelas de Ã©poca acertam, nÃ©? gosto muito de chocolate com pimenta e orgulho e paixÃ£o, sÃ³.",1
249,LaÃ§os de FamÃ­lia Ã© assim,0
496,mulheres de areia capÃ­tulo 167 marcos descobre que raquel estÃ¡ viva,0
324,Ã‰ oficial: 48 capÃ­tulos pra terminar O Bem-Amado,0
398,"ðŸŒ‡FII | Como a sÃ©rie Round 6 pode nos ensinar sobre finanÃ§as? | | fundosimobiliarios fiis A sÃ©rie Round 6 jÃ¡ foi nomeada pela agÃªncia Bloomberg como o maior lanÃ§amento da histÃ³ria da Netflix, alÃ©m de ter sido avaliada em quase 900 milhÃµes de dÃ³lares p...",1
671,"Ai eu sempre achei #ExplodeCoraÃ§Ã£o uma novelinha super sem sal, mas devo adimitir, que esse tema de abertura Ã© perfeito! Eu assistia sÃ³ pra danÃ§ar essa abertura kkk",1
510,E eu q n sabia q a globo tÃ¡ reprisando verdades secretas ðŸ˜¢,-1
679,A Terceira temporada de #SexEducation jÃ¡ estÃ¡ disponÃ­vel na Netflix ,0
610,"Infelizmente. Selva de Pedra de 1972 nÃ£o tem mais todos os capÃ­tulos, justo ela, a maior novela da Globo em nÃºmeros de Ibope.",1
1024,Queria ver verdade secreta mais a crianÃ§a tÃ¡ aqui lutando com o sono .. q raiva ðŸ˜¡,-1
273,"Tmb concorrendo com tititi q nÃ£o tem muito pÃºblico, depende de qual reprise estÃ¡ no vale a pena pena. tanto q as Ãºltimas nÃ£o se saiu tÃ£o bem assim pois competiu com Avenida Brasil Eta mundo bom LaÃ§os de famÃ­lia Mas talvez daria certo sim Ã© um luxo tmb",1
744,"Selva de Pedra, de 1986. Eu tinha um crush na Fernanda Torres fortÃ­ssimo, cÃª Ã© loko, maior gatinha...",1
653,Rodrigo Santoro tÃ¡ tÃ£o fofinho em explode coraÃ§Ã£o,1
461,"Nehuma, tÃ£o tudo assistindo round 6 ainda. Ã‰ um lanÃ§amento claro que vai fazer mais sucesso que um filme Marvel que jÃ¡ tÃ¡ no mercado mais tempo",-1
595,Falta 8 capÃ­tulo pra mim acabar #AviagemNoGloboplay #aviagem,0
227,"Ã© oficial famÃ­lia: falto 15 capÃ­tulos pra terminar explode coraÃ§Ã£o, terÃ§a finalmente vem ai a grande finale",0
556,"@fulano Por causa de uma novela(acho que Explode CoraÃ§Ã£o) que um menino se perdia da mÃ£e e virava crianÃ§a de rua, morria de medo de acontecer comigo e acreditava que crianÃ§as de ruas viviam assim por terem se perdido dos pais.",-1
237,Terra Nostra e O Rei do Gado na minha cabeÃ§a foram novelas das 18h,0
129,estela tÃ¡ parecendo uma mocinha kkskkskskdksks VIVI POR ISTO #AViagemNoGloboplay,1
184,batendo meu ponto #AViagemNoGloboplay,0
785,"Mano que garoto chatooo,esse filho da Maria paula,o garoto vive se metendo nos assuntos dela affff jesus me dÃ¡ forÃ§a #duascarasnogloboplay",-1
174,#TheVoiceBrasil LetÃ­cia Coutinho maravilhosa; a voz dela me lembra Arcos Da Lapa na novela Mulheres Apaixonadas,1
138,"A globo vai reprisar O clone, eu amo essa novela ðŸ¥°",1
448,Acordei e sex education jÃ¡ estÃ¡ disponÃ­vel na Netflix ðŸ¥°,1
672,"LanÃ§amento caneca Round 6, batatinha frita 1, 2, 3.. ðŸ˜±ðŸŽ Veja mais#round6 #squidgame #netflix #canecaspersonalizadas #canecascriativas #canecasexclusivas #canecasdivertidas #brindes #presentes",0
1003,E eu que descobri que o diretor de Squid Game confirmou numa entrevista que os uniformes dos soldados sÃ£o rosa e nÃ£o vermelho? Eu tÃ´ em choque A MÃšSICA que toca quando eles aparecerem se chama Pink Soldiers mano AaaAAAa Ainda bem que ainda nÃ£o fiz a minha fanart ahsuashahs,0
501,"E Mario Gomes em Vereda Tropical, eu amava o Luquinha rs",1
355,Vamos falar sobre novelas antigas. ðŸ“º Eu comeÃ§o: Pedra sobre Pedra,0
148,meu deus a terra nostra estÃ¡ se achando a QUERIDA DO PUBLICO,-1
132,"ðŸ—£ï¸ðŸŽ¶ Martinio, tormento d amoreeeee, cantando na abertura da novela Terra Nostra.",0
231,Queria mulheres de areia,1
702,a cena mais icÃ´nica de o clone Ã© a da nazira assistindo uma cena de louco amor da gloria pires beijando o fabio jr pra aprender a beijar kkkkkkkk nada supera,1
599,vou rever minha novela preferida mulheres apaixonadas amo ser uma velha de 75 anos,1
910,colocando atÃ© o fone pra ouvir melhor a voz do claudio cavalcanti Ã© muito sobre isso #AViagemNoGloboplay,1
743,"Eu tinha medo do cadeirudo da novela indomada! Uma vez cheguei a chorar, mas eu amava a novela!",1
755,assistindo mulheres apaixonadas a novela que a minha mulher coloca pra ELA assistir sÃ³ que ela dorme,0
308,"NÃ£o sei porque o FÃ¡bio aceita uma mulher que odeia os filhos dele, essa Paula Ã© uma mulher nojenta, escandalosa, barraqueira, sÃ³ abre a boca para praguejar os outros, insuportÃ¡vel, um nojo, a verdadeira vilÃ£ da novela, nÃ£o suporto #AgatacomeuNoGloboplay",-1
497,Sim. Eu preciso acordar cedo. Mas verdades secretas vai tÃ¡ mto boa hoje ðŸ¤·ðŸ¼â€â™‚ï¸,1
593,"Giovanna Antonelli relembra sucesso de Jade em O Clone : NÃ£o importa o lugar, sempre alguÃ©m me reconhece",1
1001,"A sÃ©rie sul-coreana  Round 6  foi a maior estreia da Netflix com 130 milhÃµes de contas acessando a produÃ§Ã£o entre o dia do lanÃ§amento e 16 de outubro. A CorÃ©ia do Sul investiu 31 bilhÃµes de reais no ano passado em produÃ§Ã£o cultural, esporte e turismo.",1
851,"O comendador nadando na piscina de dÃ³lares, ao som de  Pedras Que Cantam , homenagem a #PedraSobrePedra. #ImpÃ©rio",1
146,"O maior erro de Duas Caras foi Juvenal e Alzira. Puro tesÃ£o,nÃ£o tinha amor nenhum,paixÃ£o nenhuma,era sÃ³ desejo. Que Ã³dio que eu tenho. #DuasCarasnoGloboplay",-1
443,queria uma novela que me prendesse tanto quando LaÃ§os de FamÃ­lia e ÃŠta Mundo Bom me prendeu,1
31,Mais uma semana! #AViagemNoGloboplay,0
619,"Vai reprisar o clone no vale a pena ver de novo ,eu amo demais essa novela ðŸ¥º",1
715,"Saudade de laÃ§os de famÃ­lia. De ser advogada da Camila, de falar mal do casal de sonsos traidores, Fred e Capitu, de xingar a Ãris, o Pedro, o Edu, de elogiar o Miguel pois melhor pessoa da novela...",1
607,outro agressor de mulher... #AGataComeuNoGloboplay,-1
30,ATAKKKKKKKKKK p ser sincero eu tb ja deu uma dessas tinha uma menina na minha sala de 2008 q se chamava flora eu vivia chamando ela de assassina por causa da novela a favorita ðŸ˜­ðŸ˜­ðŸ˜­ðŸ˜­,-1
454,Mulheres Apaixonadas QUEREMOS PEDRO E TERESA,1
1027,Algumas novelas pararam o Brasil Avenida Brasil A ForÃ§a Do Querer AmÃ©rica Senhora Do Destino Roque santeiro Vale Tudo....,1
964,"Pedra sobre Pedra , CÃ¢ndido Alegria do maravilhoso Armando Bogus...sensacional ðŸ˜‚ðŸ˜‚ðŸ˜‚ðŸ˜‚",1
109,Assistindo ao Ãºltimo capÃ­tulo de #DuasCarasNoGloboplay e chegando a conclusÃ£o de que o problema da Silvia era o Brasil,0
75,AtÃ© amanhÃ£ com mais #AGataComeuNoGloboplay meu povo. Bjos e boa noite!,1
907,A crÃ­tica ENLOUQUECIDA com o primeiro trabalho de Gloria Pires e R***** D***** desde Vale Tudo e a novela foi um fracasso rs,-1
32,@fulano SerÃ¡ sim e outra ela seria a substituta de LaÃ§os de Familia,0
364,"ðŸ˜‚ðŸ˜‚ hoje a novela A favorita sÃ³ vale pela flora, envelheceu mal demais.",-1
40,"12. LaÃ§os de FamÃ­lia um clÃ¡ssico Ã© um clÃ¡ssico, a maioral ",1
699,"nossa esses dias eu fui rever terra nostra e pqp os cara praticamente dizem em uma das cena que os europeus nÃ£o aceitariam ser escravizados, dando a entender que os negros foram escravizados por opÃ§Ã£o",-1
894,Alguma dica de sÃ©rie maravilhosa pra mais uma noite chuvosa? Acabei Round 6,1
929,"de longe uma das minhas favoritas, sÃ³ nÃ£o Ã© melhor que chocolate com pimentaðŸ¥° tesouro nacional eu amo essa novela",1
1025,Mano! Tem The Cure na trilha de Verdades Secretas! E logo uma das minhas favoritas! A Letter to Elise . #VerdadesSecretas,1
142,passando pra lembrar q dia 04 estreia ela... #OClone ðŸ§¬,0
724,meu reizinho cortou o cabelo que Ã³dio #VeredaTropical,-1
577,o mauro Ã© podre demais tinha que ser amigo do teodoro mesmo #AViagemNoGloboplay,-1
858,"Pra mim, o Cravo e a Rosa e Chocolate com pimenta sÃ£o do mesmo universo.",0
666,Fernanda Torres em Selva de Pedra - era louco naquelas bochechinhas dela. ðŸ˜â™¥ï¸,1
872,Tem esperanÃ§a que chegou a ter o tÃ­tulo de terra nostra II.,0
480,"A pessoa precisa fazer feira, mas estÃ¡ hÃ¡ trÃªs capÃ­tulos presa em Mulheres de Areia.",1
511,"Pega essa dica Se vocÃª gostou da atuaÃ§Ã£o do Lee Jungâ€‘jae em #Round6 depois assista a #ChiefofStaff (Chefe de Gabinete BR), que na minha opiniÃ£o Ã© uma sÃ©rie que a atuaÃ§Ã£o dele Ã© INCRÃVEL Tudo na NetflixBrasil",1
156,Sororidade zero em #MulheresApaixonadas. Helena querendo roubar o namorado da enteada. Vidinha se oferecendo pro SÃ©rgio em todas oportunidades msm vendo que a HelÃ´ estÃ¡ destruÃ­da tentando salvar o casamento. E o CÃ©sar e o SÃ©rgio sÃ£o um mais tÃ³xico que o outro. ðŸ¤®,-1
566,odeio esses momentos do otÃ¡vio pensando na viagem um tÃ³pico sensÃ­vel demais #AViagemNoGloboplay,-1
472,"Ele me lembra o Professor Astromar de Roque Santeiro, quando abre a boca pra falar faz uma palestra de 3 horas hahaha ninguÃ©m aguenta.",-1
921,"Pq o globloplay Ã© tÃ£o caro nÃ©? Nem Ã© bom de mexer. Queria ver uma novelinha BOCA (eu tÃ´ falando bde clÃ¡ssicos, uma A viagem..) mas nÃ£o vale a pena",-1
888,Hora de jantar acreditando na rapaziada. #DuasCarasNoGloboplay,0
824,"A @fulano acaba com a prÃ³pria grade sem necessidade alguma - precisa mesmo exibir #OClone nesse dia? Putz... que l*** de emissora, vÃ©i.",-1
834,Alinne Moraes tÃ¡ lindÃ­ssima em #DuasCarasNoGloboplay,1
623,nossa cara que novelÃ£o da porra #duascaras,1
810,"@fulano O correto jÃ¡ seria vir com a classificaÃ§Ã£o +12, como Avenida Brasil e LaÃ§os de FamÃ­lia.",0
786,"sexta tem o lanÃ§amento de montero e a terceira temporada de sex education, nunca tive depressÃ£o!!! ",1
46,o lanÃ§amento da 3 temp de sex education Ã© o motivo do meu surto e da minha felicidade sim!! ,1
433,"A ideia era ser uma continuaÃ§Ã£o de Terra Nostra mesmo, mas o perÃ­odo que o BRB queria abordar uma outra minissÃ©rie pegou na mesma Ã©poca, aÃ­ ele mudou de ideia. SÃ³ que aÃ­ na exportaÃ§Ã£o, a novela virou... Terra Speranza! Sem falar nisso do elenco tambÃ©m",-1
27,Fico em choque toda vez que o Daniel fala porque ele tem a voz IDÃŠNTICA do Kayky Brito em chocolate com pimenta,0
178,a dica pra ver round6 e sair blindado eh >>nao<< se deixar cativar por nenhum personagem. todo mundo morre. atÃ© vocÃª.,-1
846,"ApÃ³s passar minhas provas m, vou comeÃ§ar a assistir #duascarasnogloboplay",0
806,Round 6 conseguiu ser a maior produÃ§Ã£o original da Netflix em seu mÃªs de lanÃ§amento,1
263,Mulheres de Areia Ã© uma das melhores produÃ§Ãµes do audiovisual da histÃ³ria e digo isso com tranquilidade,1
827,rever uns episodios de Terra Nostra pra aprender italiano ðŸ¤ŒðŸ¾ ðŸ ðŸ•ðŸ‡®ðŸ‡¹,1
711,Essa novela o clone Ã© boa nÃ©?!,1
410,DinÃ¡h beijou muito rÃ¡pido o OtÃ¡vio. SÃ³ ouvir mÃºsica e pimba. #aviagemnogloboplay,0
121,Gloria Perez relembra sucesso de O Clone e fala sobre inspiraÃ§Ã£o para a novela,1
721,3 temporada de Sex Education sai daqui algumas horas e nÃ£o vi a Emma em promo alguma... e pela entrevista que ela deu to sentindo que essa vai ser a Ãºltima temporada dela na sÃ©rie. Se ela sair eu n assisto mais #sexeducation ,-1
494,O clone vai reprisar o que significa que estamos a uma novela da melhor do mundo: avenida Brasil,1
374,"Nossa mas eu ia amar se Mulheres de Areia viesse aÃ­ em, morro de curiosidade",1
813,o pai Penteado gastando o que nÃ£o tem e deixando todo o dinheiro na mÃ£o da Esther #AGataComeuNoGloboplay,0
621,O maior erro de Selva de Pedra 1986 foi o Cristiano ter abandonado a Fernanda no altar. O plano original da Janete Clair na versÃ£o de 72 era que os dois se casassem. SÃ³ nÃ£o rolou pq a Censura proibiu. Imagina que foda seria,-1
508, por onde anda O Bem Amado? um bj para O Bem Amado...,0
346,(Fanny) Marieta Severo brilhante. #Verdadessecretas,1
61,Com Pega Pega foram 3 4 capÃ­tulos de Sassaricando e 2 de vereda tropical,0
917,Tony vai pagar com cartÃ£o de crÃ©dito em 1985. O cara Ã© milionÃ¡rio mesmo! #AGataComeuNoGloboplay,1
225,LaÃ§os de FamÃ­lia bem,1
444,Cena do acerto de contas de Tieta e o pai ZÃ© Esteves. A cena da morte dele tambÃ©m Ã© uma porrada de bem feita. Ã‰ de desidratar.,1
233,"Chocada que o AlÃª possuÃ­a Andreza tbm, nÃ£o lembrava. #aviagemnogloboplay",0
768,"Eu tÃ´ viciada em verdades secretas, sÃ³ vejo isso na televisÃ£o e mais nada",1
611,O Barretinho. ðŸ˜‚ðŸ˜‚ðŸ˜‚ðŸ˜‚ðŸ˜‚ðŸ˜‚ðŸ˜‚ðŸ™ˆ #DuasCarasNoGloboplay,1
295,cama de gato adiada que inferno corri com mulheres de areia pra nada,-1
848,no dia q eu terminar o bem amado eu faÃ§o uma festa de arromba,0
648,a trama de vereda tropical nÃ£o Ã© UAU revolucionÃ¡ria mas da p ver q o lombardi teve cuidado pra falar sobre,1
1033,maluco deixou a flora beijinho doce de a favorita entrar na mente dele,0
490,"[SUPER DICA] Salvei meu amigo de entrar pro Round 6 e talvez te salve tbm. Se seu MacBook tiver algum problema e ele for de 2016 pra frente, mesmo que comprado de segunda mÃ£o e mesmo que vc nÃ£o tenha nota, vocÃª pode ir direto na loja da Apple, que eles consertam de graÃ§a.",-1
279,"lanÃ§amento da 3Â° temporada de sex education E final space no mesmo dia, acordei feliz : )",1
479,A OfÃ©lia atÃ© morre se sabe do emprego dele #AGataComeuNoGloboplay,-1
145,"O sonho era o seguinte : vcs duas , faziam a remake de mulheres de Areia , @fulano era Ruthe e @fulano era Raquel",0
557,"@fulano @fulano Isso que me preocupa tambÃ©m, comecei assistir Terra Nostra e Passione e pretendo terminÃ¡-las.",-1
357,uma dica para quem gostou de round 6: alice in borderland,1
537,"NÃ£o me lembro de quase nada da novela Pedra sobre Pedra, mas tem ali uma mÃºsica que continuo a ouvir com regularidade 20 e tal anos depois, Cabecinha no Ombro.",-1
289,"NÃ£o foi o caso da novela nÃ£o ter forÃ§a. A Gloria precisou terminar Explode CoraÃ§Ã£o com 155 capÃ­tulos por causa do julgamento do assassino da filha dela. Como ORDG nÃ£o tinha frente ainda, optou-se pela exibiÃ§Ã£o de O Fim do Mundo antes da novela do Benedito",0
590,Ver o Gianecchini e a Marieta Severo se pegando Ã© muito estranho depois de ter visto eles em LaÃ§os de FamÃ­lia #VerdadesSecretas,-1
193,A CONDESSA Ã© a morena do juvenal KKKKKKKKKKKKKKK oh grito que eu dei #DuasCarasNoGloboplay,1
640,sofro por amar tanto esta #AViagemNoGloboplay,1
114,"comecei ver mulheres de areia, vou terminar? n sei mas comecei a ver",0
57,ai que horror ver marieta severo e gianecchini se pegando pq eles eram tia e sobrinho em laÃ§os de famÃ­lia,-1
976,Cara eu nÃ£o aguento o felipe vendo chocolate com pimenta e comentando comigo q nem vejo,0
759,bateu uma saudadinha de 2020... assistir laÃ§os de famÃ­lia comendo um croissant com suco de melancia ðŸ˜­,0
205,"Sem revelar sua idade, qual foi seu primeiro crush na TV? Erik Marmo em Mulheres Apaixonadas ðŸ˜‚",1
887,a heloÃ­sa de mulheres apaixonadas,0
312,"@fulano @fulano bicho lembrei do que tu me falou sobre traiÃ§Ã£o no Matrix ontem enquanto assistia ao Squid Game Round 6 whatever.... nÃ£o sei se tu jÃ¡ assistiu, mas se quiser passar RAIVA & Ã“DIO, fica a dica",-1
66,Quando eu vi estas cenas eu lembrei de LaÃ§os de famÃ­lia kkkk nas cenas do haras,1
688,@fulano sofro com o sucesso de LaÃ§os de Familia,1
883,Ã‰ estranho que eu toda vez que eu vÃ¡ tomar banho eu bote Don t Know Why da Norah Jones pra tocar com o objetivo de me sentir numa cena de Mulheres Apaixonadas? ( ) Sim ( ) NÃ£o ( ) Tony Ramos saxofonista fodase,1
128,FÃ¡bio e Edson podem dar as mÃ£os #AGataComeuNoGloboplay,0
338,Isso pq vc n viu selva de pedra... A novela acaba e o ranÃ§o do   mocinho  segue,-1
629,alberto o melhor homem dessa novela falo com tanta tranquilidade #AViagemNoGloboplay,1
628,"Ã© do jorge amado, porÃ©m o aguinaldo falou que nem por cima do cadÃ¡ver dele fazem um remake de tieta. sÃ³ se ele tiver morto kkk",-1
669,21 pontos laÃ§os de famÃ­lia bem nessa tarde de frio,1
405,JÃ¡ estou no Ãºltimo capÃ­tulo de #MulheresApaixonadas,0
946,"A mina tÃ¡ mandando o recado no tÃ­tulo da faixa: #PrecisoDizerQueTeAmo, um clÃ¡ssico da novela #ExplodeCoraÃ§Ã£o. Amei muito, viu amiga? ðŸ’“ #ValeAPenaOuvirDeNovo",1
938,Pqp a @fulano nÃ£o tem outra novela pra reprisar nÃ£o? Caralho ano sim ano nÃ£o Ã© essa porra de O Clone tnc,-1
906,A novela o clone vai voltar no vale a pena ver de novo.. aff amoo,1
674,fui hj na praia onde foi gravada a novela mulheres de areia,0
580,"Cheguei no capÃ­tulo 50 de Tieta e tava esperando mais da novela, nÃ£o q esteja ruim, mas Ã© bem lentinha nÃ©",-1
922,"Sendo um dos personagens que mais chocou o pÃºblico de #Round6, o intÃ©rprete do jogador 001, Yeong-su, revelou, em entrevista ao programa de TV sul-coreano  How Do I Play , que estÃ¡ tendo dificuldades para administrar a...âž¡ï¸",-1
918,Terra Nostra comeÃ§ou com a audiÃªncia lÃ¡ em cima e foi caindo ao decorrer da trama...Benedito Ruy Barbosa e suas novelas que sÃ£o esticadas sem necessidade e acabam ficando extremamente arrastadas e lentas.,-1
247,sera q vem ai a abertura ao som de #PedraSobrePedra??? #Imperio,0
561,Cheguei na parte de Duas Caras que Maria Paula humilha FerraÃ§o. Que festa demorada ein. #DuasCarasnoGloboplay,-1
64,"Eita, essa estÃ¡ perecendo uma das IrmÃ£s Cajazeiras da novela o Bem Amado ðŸ˜‚ðŸ˜‚ðŸ˜‚ðŸ˜‚ðŸ˜‚ðŸ˜‚",1
703,"Ricardo Macchi, o Cigano Igor do sucesso Explode CoraÃ§Ã£o, posa com Paola Vernareccia, no intervalo do Jornal do AlmoÃ§o onde foi promover seu K7 de covers do Gipsy Kings - Igor - Cigano do Amor  - lanÃ§amento nacional e exclusivo RBS Records. Agosto de 1994. Foto: Celso Chitolina.",0
271,Alberto viu algum vulto passando antes de beijar a Estela. #AViagemNoGloboplay,0
984,A sonsa verdadeira e o falso cego #AGataComeuNoGloboplay https://t.co/ZylSBCrHSo,-1
349,Vejo o povo falar q #duascaras Ã© only silvia gente oq Ã© Only ? #DuasCarasNoGloboplay,0
723,Vamos nos despedir de TiTiTi e voltar com o clone SÃ³ novelÃ£o Globo,1
177,"O Alexandre tendo que proteger a Bia cara, que garota ruim ðŸ˜‚ðŸ˜‚ðŸ˜‚ðŸ˜‚ðŸ˜‚ðŸ˜‚ðŸ˜‚ #AViagemNoGloboplay",-1
220,O Bem Amado deveria ser reprisado em horÃ¡rio nobre,1
383,"NÃ£o acredito que o cara nunca assistiu O Rei do Gado, Terra Nostra, EsperanÃ§a e Passione. #ShowDoMilhÃ£o",-1
503,"Ha 26 anos, gravaÃ§Ã£o de  Explode CoraÃ§Ã£o  inaugurava os EstÃºdios Globo, antigo Projac. De GlÃ³ria Perez a trama se baseia nos costumes do povo cigano, por meio da histÃ³ria da cigana Dara (Tereza Seiblitz), que foi prometida ainda recÃ©m-nascida a se casar com Igor (Ricardo Macchi).",0
787,@fulano 1-A cinco passos de vc 2-Rua do medo 3-Como eu era antes de vc 4-O fim do mundo 5-Minha mÃ£e Ã© uma peÃ§a 3,0
618,"Fiquei sabendo semana passada que o @fulano nÃ£o gostou da abertura de A Indomada. Gosto nÃ£o se discute, porÃ©m eu amo aquela abertura e com o instrumental da mÃºsica Maracatudo. Marcou minha infÃ¢ncia. Que novela boa criada por esse autor. #Amo â¤ï¸",1
379,por amor ganhou reprise NA INTEGRA em 2017 laÃ§os de familia ganhou reprise na INTEGRA em 2016 vc nao entende nada de ibope amore vc Ã© pseudo noveleiro e burro. todo noveleiro SABE que Ã© assim q funciona o vale a pena ver de novo ou vc sÃ³ Ã© burro e demente mesmo.,-1
260,Ã‰ foda ver laÃ§os de famÃ­lia tÃ³xico,-1
447,ainda falam que a vilÃ£ de selva de pedra eh a fernanda assistiram a novela errado entÃ£o todas as loucuras que ela fez teve motivos plausÃ­veis acordem tudo que a diva precisava era de amor e terapia,-1
550,Eu tÃ´ adorando Roque Santeiro. Essa novela tinha muito que ter um remake atual â¤ï¸,1
843,"Giovana vai encontrar c pai p fazer um pg e ele vai dar sÃ³ na cara, adoroooo verdades secretas",1
373,MA pq laÃ§os de famÃ­lia Ã© pÃ©ssima â˜ ï¸â˜ ï¸â˜ ï¸ ,-1
973,Aguardando um dos momentos mais prazerosos de mulheres de areia: Evandro Mesquita saindo da novela,-1
889,assistindo mulheres de areia e pensando como eu amo malu e tonho da lua MAIORES DO MUNDO,1
908,Ngm nunca vai superar chocolate com pimenta,1
513,Meu Deus eu passei a vida toda acreditando que era Por Amor e acabei de descobrir que era A Indomada ???? ,0
718,o chatissimo chove nÃ£o molha do casal ascÃ¢nio e leonora a luz elÃ©trica chega no agreste graÃ§as a amizade de tieta com um senador (lenda da impessoalidade),-1
72,"Eu estou assistindo, de novo, a novela A Favorita e n canso de admirar como @fulano Ã© maravilhosa. Amo e odeio a Flora.",1
952,Desenhamos o Mombo no Round 6! â­•ï¸ AlguÃ©m avisa a ele que nÃ£o tem batata frita no jogo? Acompanhe o lanÃ§amento do #SuperMomboQuest no dia 4 de novembro! ðŸ‘… ,0
381,"DICA DE SÃ‰RIE: Pra vcs que gostaram de Round 6, recomendo MUITO Alice In Boderland, o 1Âº EP Ã© +-, mas Ã© uma linha crescente, cada eposÃ³dio melhor que o anterior!",1
1035,pra mim a sequÃªncia Ã© Explode CoraÃ§Ã£o - O Rei do Gado e acabou. aqueles dias entre elas duas nÃ£o existiram e Ã© isso aÃ­,1
739,TÃ´ vendo mulheres de Areia ðŸ“º,0
483,Ele foi seu pai em Senhora do Destino. E o Paulo JosÃ© seu pai em Explode CoraÃ§Ã£o.,0
495,"eu estava obcecada, passava 80% do tempo falando de o bem amado e nos outros 20% torcia para que alguÃ©m falar sobre o bem amado para eu falar um pouco mais",1
476," e era sÃ³ uma fanfic pra me salvar ðŸ˜­ inclusive brenda, a RenÃ©e pega o Santoro em Explode CoraÃ§Ã£o estou assim ðŸ‘€",0
983,"Amo a trama da Bibi. As camadas bem construÃ­das, mas o clone apresentava uma diversidade de tramas que me prende mais, tirando a barriga enorme da novela. Mas Maisa, Said, Mel, Lucas, Jade, Escobar, Deusa me prendem mais.",1
335,nÃºcleo da pensÃ£o sempre curando onde dÃ³i capaz de levantar atÃ© defunto pra dar risada #AViagemNoGloboplay,1
7,com tanta novela boa a globo vai reprisar o clone pela 10Â° vez no vale a pena ver dnv,-1
1029,as crianÃ§as continuam fazendo mais sucesso que o Rafael kkkk #AGataComeuNoGloboplay,0
897,Pedras que cantam de Fagner nÃ£o era o gÃ©nerico da novela Pedra sobre Pedra?,0
1007,Eu nÃ£o lembrava que Juvenal e Alzira era tÃ£o nojento de olhar. #DuasCarasNoGloboplay,-1
136,@fulano @fulano Sim. Ele amarrou  Deus  e o substituiu. Ã‰ tipo Ruth e Raquel de Mulheres de Areia.,0
725,9. LaÃ§os de Familia internacional (2000). As trilhas tiveram um upgrade com o fenÃ´meno Lara Fabian e seu Love By Grace que embalou o drama de Camila na novela de Manoel Carlos. CD que vendeu como Ã¡gua no natal daquele ano e presenÃ§a obrigatÃ³ria na estante de qualquer noveleiro.,1
817,"A novela #SelvaDePedra, o capÃ­tulo final comemorou ontem (23/8), 35 anos de exibido pela globo AdaptaÃ§Ã£o da obra original de Janete Clair, foi escrita por Regina Braga e Eloy AraÃºjo. Fernanda Torres e Tony Ramos viveram os protagonistas desta versÃ£o de 1986.",0
1022,Mirante Belvedere Ã© onde foi gravada a famosa cena do acidente de Simone em Selva de Pedra #ParaisoTropicalNoVIVA,0
652,#Brasil #PolÃ­tica #Cultura #RioDeJaneiro O nome da mÃºsica do Fagner Ã© Pedras que cantam. Me lembro que era a mÃºsica de abertura da novela Pedra Sobre Pedra e a novela comeÃ§ou em janeiro de 1992 e eu estava na praia.,0
863,"Mulheres de Areia As reviravoltas nos caminhos das gÃªmeas Ruth e Raquel, de perfis distintos, trazem a rivalidade em suas vidas. Tudo comeÃ§a quando Raquel se casa com o namorado da irmÃ£ por interesse atÃ© que, apÃ³s um acidente, Ã© dada como morta. #MetGala2021 https://t.co/NAgflVKxH3",0
173,A partir do dia 4 jÃ¡ Ã© dia de voltar a sofrer com Jade e Lucas #OClone,-1
733,Assistindo #VeredaTropicalNoGloboplay..... Vamos ver se curto e isso vira um fio,0
965,"A Sucessora e TODAS da sequÃªncia Felicidade - Mulheres Apaixonadas (tendo duas re-reprises e uma possÃ­vel terceira no meio) nÃ£o aguento e pode ter certeza que do jeito que as coisas tÃ£o lÃ¡ pra 2024-25 tacam PÃ¡ginas da Vida, a surra em AmÃ©rica que vai morrer sem passar",0
714,"@fulano o rei do gado, o cravo e a rosa, jÃ³ia rara e laÃ§os de famÃ­lia",0
274,OfÃ©lia feliz da vida #AGataComeuNoGloboplay,1
473,Ã‰ oficial. Squid Game teve o melhor lanÃ§amento de sempre da Netflix https://t.co/bCXqU87WVZ #techaominuto,1
1019,"Edjo, chocolate com pimenta que Ã© 2001, ela ainda estÃ¡ da mesma formaðŸ˜­ðŸ˜­ðŸ˜­",0
535,Tais Araujo e Deborah Secco caindo no tapa caso a Globo invente um remake de Tieta,0
536,Aguardando o lanÃ§amento de Sex Education (4 horas ðŸ¤¡),-1
1021,Quem disse que eu gosto de LaÃ§os de FamÃ­lia???? Eu odeio aquela novela... Mas Salve-se Quem Puder realmente Ã© tÃ£o bomba quanto Tititi,-1
514,Round 6 Ã© sÃ©rie adolescente perto de  My Name . Fica a dica pra quem quer um  k-drama  para maiores de 30 anos.,-1
862,Pela milÃ©sima vez pq amo essa novela #LaÃ§osdefamilia https://t.co/k9NT3rTjIw,1
90,"Tinha tambÃ©m a novela Pedra Sobre Pedra com nudez artÃ­stica (sim, era artÃ­stico, nÃ£o erÃ³tico) relacionando a natureza das paisagens locais com o corpo. Claro que hÃ¡ problemÃ¡ticas (como vender a imagem de  natureza  em tudo ligado ao Brasil), mas o conservadorismo destruiu o paÃ­s.",-1
654,"@fulano A primeira novela que assistiu; Tenho lembranÃ§as de LaÃ§os de FamÃ­lia, mas era muito pequena ainda. A novela que me fez virar noveleira: Celebridade.",0
206,"assistindo selva de pedra e a fernanda torres com 20 anos era muito bochechuda serÃ¡ que depois dos 20 eu tambÃ©m perderei a bochecha, ficarei gostosa e inteligente??? pensando aqui",1
764,"amores falar uma coisa aqui vius nÃ£o consigo explicar a sensaÃ§Ã£o de ver uma novela flop/descnhecida. vc nÃ£o sabe de absolutamente nada do que vai acontecer, qualquer plot pra vc eh um mistÃ©rio. eh como se vc visse a favorita sem saber que a flora eh a vilÃ£",0
86,o clone a maior novela de tds os tempos,1
931,A trilha de verdades secretas Ã© muuuuuuuito boa pqp,1
242,Adicionaria Mulheres apaixonadas pra essa trÃ­ade de novelas das 21,0
874,"Dong-hyuk disse em uma entrevista que, apesar dos jogos de sobrevivÃªncia, Round 6 na verdade Ã© sobre pessoas. Ele sempre achou que a sÃ©rie seria um fracasso retumbante ou uma obra-prima. ",0
505,Ã‰ oficial!!! Mulheres de Areia novamente no #ValeAPenaVerDeNovoðŸ—£ï¸ðŸ—£ï¸,1
814,"Estou adorando #VeredaTropicalNoGloboplay muito,muito,muito â¤ï¸â¤ï¸â¤ï¸â¤ï¸ depois vou assistir a gata comeu, e Top Model pois amo o trabalho do Nuno Leal Maia",1
847,N sei pq mas antevejo que a terra nostra vÃ¡ vencer nas audiÃªncias hj kkk #bbtvi,1
423,dia de lanÃ§amento de sex educationðŸ¤©ðŸ¤©nunca fui triste,1
83,"Vendo algumas cenas da versÃ£o original de Selva de Pedra, pena que a Regina Duarte se perdeu tanto porque a Simone era uma mocinha tÃ£o boa",1
404,vou colocar um icon de tieta tbm ainda n decidi de quem mas vou,0
691,"Boa noite.Quem ainda nÃ£o assistiu ROUND 6,sÃ³ dou uma dica nÃ£o assista a sÃ©rie Ã© aterrorizanteðŸ˜°",-1
116,"hoje tem temporada nova de sex education, lanÃ§amento do montero e live das misturinhas ",0
342,Mais ela tava cotada pra substituir laÃ§os de familia kkkk,0
789,terminei explode coraÃ§Ã£o e meu deus que mania dos infernos de fuder com final de novela ,-1
748,A Laura sempre ganhava o Aristides na chantagem emocional kkkkk #SelvaDePedra,0
438,medo do cadeirudo da novela a indomada,-1
665,"Dica do tio Dennis: nÃ£o assista sex education na academia, ainda mais na esteira KKKKKK",-1
254,"a conexÃ£o da dinÃ¡ e estela Ã© uma das coisas mais lindas do mundo, ðŸ¥ºðŸ¤ðŸ» #aviagem",1
693,"mds vai reprisar o clone a tarde na globo, amo essa novela",1
403,"Tava vendo que vai reprisar #OClone ... Aquela mÃºsica Sobre as nossas cabeÃ§as o sol, sobre as nossas cabeÃ§as a luz , me deixa angustiado... Kkkkkkk...",-1
219,"Na folga,assistindo Vereda Tropical....delÃ­cia de novela!!",1
427,off amg queria mulheres de areia ðŸ¥ºðŸ¤²,1
911,"estÃ£o falando de round 6 no canal da cultura e apareceu o bts, e a menina que tÃ¡ dando a entrevista tem uma pelÃºcia do tata.",0
265,Ã© dificil de aceitar que o clone seja a nova novela do vale a pena ver de novo quando ela estava passando faz pouquissimo tempo no viva sla pÃ´ coloca um alma gemea passione sÃ£o jorge,-1
110,otÃ¡vio amor nem precisa pedir para o alberto rezar por vocÃª!! king estÃ¡ sempre nas oraÃ§Ãµes do papacito #AViagemNoGloboplay,1
685,"tÃ´ assistindo mulheres de areia, mais depressivo q isso, impossible",-1
529,o vilÃ£o de selva de pedra era o cristiano plssss,0
486,"verdades secretas hoje vai estar bomm dms, justo no dia de formaÃ§Ã£o de roÃ§a",1
291,Meu hobby tem sido maratonar A Viagem e anotar todos diÃ¡logos impossÃ­veis hoje. Eu e o conje mijamos de rir. O melhor sao esses: AntÃ´nio Fagundes: QQ vc quer pra beber filho? Filho de 12 anos: acho que uma vodka hj E saem os dois abraÃ§ados rindo.,1
414," Se tratando de Hell de Janeiro, diria que Round 6 Ã© a mais apropriada.  Fim de entrevista, todos saem rindo e felizes e a a 200m dali, um  novo  tiroteio se inicia.",-1
185,a dÃ³ris em mulheres apaixonadas,0
99,fui pesquisar sobre essa novela e descobri que Ã© uma adaptaÃ§Ã£o de O Bem Amado tÃ´ chocada,0
113,@fulano LaÃ§os de FamÃ­lia tambÃ©m foi anunciada em SD esticado e na hora H veio aquele zoom horroroso! kk,0
684,"AHHAHAHAHAA MORTA gente, eu lembrei um dia q tive crush na Renata sorrah qdo ela foi a Zenilda em A Indomada entÃ£o nÃ£o zoe, Nick HAHAHAHA",1
548,laÃ§os de famÃ­lia Ã© uma bomba https://t.co/MCeoyxXqQV,-1
1009,"LaÃ§os de FamÃ­lia, luxo icÃ´nica melhor que Por Amor que Ã© chata e arrastada. https://t.co/mGfaVTdeLC",-1
442,a comÃ©dia que vocÃª me prometeu wolf maya #AViagemNoGloboplay,0
644,Mano o Michael estÃ¡ um Terra Nostra magro e o Daniel estÃ¡ um Ucal. A diferenÃ§a ðŸ˜‚ ,0
209,branca e marcieira fazendo um inspeÃ§Ã£o por todos os motÃ©is do centro do rj kkkkkk eu amo um casaal boÃªmio #DuasCarasNoGloboplay,1
553,VÃªm Verdades Secretas 25 pontos,0
360,ranÃ§o desse velho seboso pior que modesto pires #PedraSobrePedra,-1
299,Meu Deus eu sou muito burra quero morrer pq eu nÃ£o estudava no ensino mÃ©dio e ficava assistindo mulheres apaixonadas,-1
1005,"O bom de ser um noveleiro detalhista Ã© vocÃª notar instrumentais que foram de uma novela, em outra, como esses de #AFavorita que estÃ£o tocando em #ImpÃ©rio.",1
302,ðŸ˜½ Valei-me! ðŸ˜³ jÃ¡ acabou? #AGataComeuNoGLOBOPLAY,0
833,fiquei passada quando a dona Isaura disse nÃ£o acreditar na Raquel apÃ³s ela negar ter matado o Wanderley #MulheresDeAreia,-1
926,Essa Regina parece um projeto de Ãris de LaÃ§os de FamÃ­lia rsrs #OSalvadorDaPÃ¡triaNoVIVA,0
552,acabei de assistir o S01 | E54 de Mulheres de Areia ,0
207,"MANO, DANE-SE A BARRIGA, DANE-SE O TUDO! #MulheresDeAreia Ã‰ UMA DAS MELHORES NOVELAS QUE EU JÃ VI!! MANO, ESSE CAPÃTULO TÃ MUITO BOM VEY, N TÃ” CONSEGUINDO LIDAR https://t.co/rc3P8RFkMQ",1
160,eu voltando a ver as novelas do Viva depois de Mulheres Apaixonadas,1
1026,O criador do Round 6 deu entrevista e falou que nÃ£o ficou tÃ£o rico com a sÃ©rie... Estimasse que a a Netflix tenha pagado pra ele 110 milhÃµes ðŸ¤¦ðŸ½â€â™‚ï¸ðŸ™„.... NÃ£o ficou tÃ£o rico Ã© sÃ©rio? Kkkkk A cara de pessoas mais pobres depois de ler isso ðŸ¤¡ðŸ¤¡ðŸ¤¡ðŸ¤¡,-1
106,acabamos o bem amado estou tao mal,-1
681,Depois de um sÃ©culo vamo de botar #AGataComeuNoGloboplay em dia,0
717,Cadeirudo da novela Indomada e Monga a mulher gorila que saia de uma jaula do parque.,-1
53,o alberto move cÃ©us e terras pelo otÃ¡vio quero um amor assim #AViagemNoGloboplay,1
614,"@fulano Detestei a Casa de Papel, nÃ£o consegui passar do 2Âº episÃ³dio. Obrigada pela dica sobre o Round 6, vou passar ao largo.",-1
591,Mulheres de Areia Ã© a NOVELA S2 #CafofoNews,1
525,02:46 Eu olhando a Netflix pra vÃª se sex education ja esta jÃ¡ estÃ¡ disponÃ­vel kÄ·kkk sem sucesso,-1
837,JÃ¡ vou dar a dica aqui para o pessoal do Recife fazer um boneco de Olinda da boneca do Round 6,0
298,O clone vai volta na Globo novela chata mas eu amoo ðŸ˜,1
329,a energia caÃ³tica de todas as cenas em famÃ­lia #AViagemNoGloboplay,-1
270,raul tÃ£o cretino teve coragem de mentir pra todo mundo na cara de pau agora me diga se eu sou obrigada a ter empatia com um lixo desses #AViagemNoGloboplay,-1
861,caraio essas partes do jogador de futebol lÃ¡ Ã© um porre!!!!!!!!!!!!!!!!!!!!!! #VeredaTropical,-1
417,"E tbm tem ela, toda naturale na abertura de Tieta!",0
79,"To vendo terra NOSTRA editada, mas ainda falta 90 capÃ­tulos. Como q o jayme Ã© lento, Pqp https://t.co/PwVnnZ4YTo",-1
551,"amo essa trilha, fico danÃ§ando aqui na pensÃ£o #AGataComeuNoGloboplay",1
677,a tua tia correu pra q a estela de mulheres apaixonadas pudesse andar,0
418,Li a entrevista do direitor/criador de Squid Game e fiquei pensando se esse homem realmente vai ter a coragem de perder mais dentes numa eventual segunda temporada,0
134,refletindo aqui amores acho que meus chacras vÃ£o realinhar novamente (ou nÃ£o ðŸ¤¨ðŸ¤¨) com o claudio cavalcanti em dose dupla na minha tela daqui 1 semana sintonizada 24 horas a viagem,1
592,"Ãšnicos homens que prestam nessa novela: Conde VitÃ³rio, o Padre e as crianÃ§as #agatacomeunogloboplay",1
252,Novela O Clone Ã© muito Ã­cone ðŸŒŸ,1
345,"JÃ¡ vou deixar a dica aqui, se for comeÃ§ar a terceira temporada de sex education, n assista na tv!! Repito, n cometa esse erro.",-1
801,A cena de #JosÃ©RaspaOCabelo tÃ¡ sÃ³ a Carolina Dieckmann em LaÃ§os de FamÃ­lia ðŸ’” #GenesisSegunda #novelagenesis https://t.co/2tGiqBZ2OA,-1
347,tinha medo de andar na rua de noite e ver o Cadeirudo da novela A Indomada kkkkk,0
902,A Moa dando uma de HeloÃ­sa de Mulheres Apaixonadas seguindo o Pacopollo #DaCorDoPecadoNoVIVA,0
900,o artur me abandonou sozinha em s*bral no lanÃ§amento de sex education vou por ele na justiÃ§a ,-1
429,"tem isso tb, mas tipo ele nÃ£o quer outra versÃ£o de tieta de jeito nenhum kkkk",-1
399,"Vai tarde, Raquel. Embora eu ame o cabelo e o estilo dela #MulheresDeAreia",1
572,A diversidade de idade desse fandom me permite conhecer Monbebes que tambÃ©m conheceram Mulheres Apaixonadas. Amooo ðŸ˜‚ðŸ’œ #IM #ì•„ì´ì—  #CHANGKYUN #ì°½ê·  #MONSTAX #ëª¬ìŠ¤íƒ€ì—‘ìŠ¤ ~ðŸº,0
981,Round 6 ensinou que os Ãºltimos serÃ£o os primeiros. #faculdade #tcc #graduacao #posgraduacao #dica #round6 #abnt ,1
78,NÃ£o tem novela melhor que Mulheres de Areia,1
50,A fase cÃ´mica chegou pra Torloni. #AViagemNoGloboplay,1
798,"silvia, com muita raiva, atropela barbara e depois diz DÃ LICENÃ‡A capÃ­tulo 89 #DuasCaras #DuasCarasNoGloboplay",0
658,Que delÃ­cia voltar a fazer prints do nosso novelÃ£o! #AGataComeuNoGloboplay,1
458,"a primeira cena da personagem da betty em duas caras jÃ¡ comeÃ§a com a frase  eu nÃ£o estou mais exercendo o mÃ©tier . literalmente, ela sÃ³ faz puta, sÃ³ da ela e luiza tomÃ© nessa funÃ§Ã£o KKKKK #DuasCarasNoGloboplay",-1
407,assistindo alguns capÃ­tulos pra analisar o processo judicial na trama de Chocolate com Pimenta,0
161," Round 6â€³ Ã© atualmente a sÃ©rie mais assistida da Netflix, com mais de 140 milhÃµes de visualizaÃ§Ãµes nas primeiras quatro semanas apÃ³s o lanÃ§amento. ",1
736,Meu Deus preciso ver verdades secretas,1
816,flavia surpresa com acontecimentos da novela O CLONE,1
24,como q vou ver verdades secretas e a fazenda ao mesmo tempo? aff,-1
966,Vale tudo com o famoso quem mandou Odete Roitman,1
506,Anita medrado punk anti hippie prÃ³ violencia matou um hippie #OBemAmado mas ele vive,-1
167,"comecei mulheres de areia, nada me deixa triste enquanto assisto minha novelinha",1
73,Silvia tava quieta no canto dela. Ele que foi procurar kkkkkkkkkk #DuasCarasNoGloboplay,0
290,tanta novela boa e vai passa o clone,-1
829,Dia 12 - NovelÃ£o ClÃ¡ssico: Vale Tudo (1988),1
489,A MÃ¡rcia de Chocolate com Pimenta tem uma cabeÃ§a igual a minha ðŸ¤¯,0
934,"Kim Jinmin, diretor de My Name, mostrou gratidÃ£o pelo sucesso de Round 6 na Netflix. Em entrevista ao The Korea Herald, ele disse:  Devo agradecer a Round 6 por focar a atenÃ§Ã£o internacional no conteÃºdo coreano.  #DoseDeKdrama #MyName #Round6 #HanSohee ",0
278,"eu to com um nojo do odorico, nao posso ver a cara desse velho desgraÃ§ado. quero ver como vou terminar a novela #OBemAmado ",-1
958,Recapitulando aqui... Pareceu um episÃ³dio daquela novela O Fim do Mundo,0
337,A 3Â° temporada de sex education jÃ¡ estÃ¡ disponÃ­vel na Netflix. ,0
841,Round 6 se tornou o maior lanÃ§amento da netflix eu nÃ£o dei conta de ver 1 capÃ­tulo que sÃ©rie horrorosa,-1
358,como assistir verdades secretas tendo 300 programas antes,-1
559,A nova temporada de Sex Education jÃ¡ estÃ¡ disponÃ­vel na  ðŸ†ðŸ‘,0
803,A reprise de O Clone hitando horrores. Um novelÃ£o Ã© um novelÃ£o!,1
772,aguardando o lanÃ§amento da s3 de sex education,0
979,"NÃ£o acredito que ele tÃ¡ me fazendo ficar curiosa pra ver sex education, fujo dessa sÃ©rie desde o lanÃ§amento",-1
656,"Depois 23 anos,  Terra Nostra , de Benedito Ruy Barbosa, desbancou  Escrava Isaura  do tÃ­tulo de novela brasileira mais exportada da histÃ³ria. Uma super produÃ§Ã£o na Ã©poca, a saga dos italianos foi vendida para 83 paÃ­ses contra 79 que jÃ¡ haviam visto a escrava branca.",1
799,"#Brasil #PolÃ­tica #Cultura #RioDeJaneiro Tava aqui pensando nessa situaÃ§Ã£o abominÃ¡vel cruel de pessoas comerem ossos no RJ e me veio na cabeÃ§a aquela mÃºsica do Fagner da novela Pedra Sobre Pedra de 1992 da Globo que Ã© assim:  Quem Ã© rico mora na praia, mas quem trabalha",-1
909,Eu queria que a Globo fizesse remake de O Bem Amado https://t.co/tTRjgViuf9,1
794,VocÃªs sentem saudades de alguma novela? Quando vÃª uma cena ou ouve a mÃºsica tema? A Sorrah postou um vÃ­deo de #PedraSobrePedra e me bateu uma saudade tÃ£o tÃ£o grande...,1
970,"@fulano @fulano Estranhamente, laÃ§os de famÃ­lia e o rei do gado fizeram sucesso, enquanto reprises inÃ©ditas como belÃ­ssima e Tititi patinaram na audiÃªncia, entÃ£o a Globo tÃ¡ certa nÃ© em apostar em re reprises?",1
327,Eu tenho um autÃ³grafo dele da Ã©poca de Terra Nostra amg ðŸ¥°,1
362,Comecei a ver explode coraÃ§Ã£o de 1995.... Eu e meu apego por novelas antigas,1
3,"a fernanda de selva de pedra amg kkk o par romÃ¢ntico com a beth goulart, foi barrado pela censura",0
698,Tadinho de Bernardinho. Bichinho #DuasCarasNoGloboplay,0
949,ATENÃ‡ÃƒO THIS IS NOT A DRILL REDE GLOBULO VAI REPRISAR (DE NOVO) A NOVELA O CLONE,1
157,Deus me livre O @fulano arecem reprisou #oclone e a @fulano vai e reprisa a mesma em bem pouco tempo.,-1
749,"Segundo documentos do Bloomberg News, com apenas 1 mÃªs de lanÃ§amento,  Round 6  jÃ¡ gerou cerca $ 900 MILHÃ•ES em valor para Netflix. Todos os 9 episÃ³dios da sÃ©rie tiveram um orÃ§amento de $ 21,4 MILHÃ•ES. Em comparaÃ§Ã£o, 2 episÃ³dios de  The Crown  custaram $ 26 MILHÃ•ES, em mÃ©dia. ",1
996,Eu no cap 6 de Tieta e simplesmente nÃ£o consigo nÃ£o assistir sem ficar gritando com a TV mds que Odiooooooo vou me *,-1
257,"Helena e Teobaldo Ã© o nÃºcleo mais insuportÃ¡vel e absurdo de a indomada, simplesmente nÃ£o aguento",-1
538,"Sex Education: 3Âª temporada jÃ¡ estÃ¡ disponÃ­vel na Netflix Se vocÃª aguardava ansiosamente pela estreia da terceira temporada de Sex Education, jÃ¡ pode preparar a pipoca. Os novos episÃ³dios jÃ¡ estÃ£o disponÃ­veis na Netflix. Na nova temporada,  Otis estÃ¡ f... ",1
463,@fulano ninguÃ©m gosta da terra nostra kkkkkk,-1
340,comentando pela Ãºltima vez o bem amado ðŸ˜­,-1
415,e agora que estamos assistindo selva de pedra meu pai me chama de simone e eu chamo ele de tide,0
44,Gente HeloÃ­sa aos prantos sÃ³ pq o Marido vai viajar .. Ã© a melhor cena de Mulheres Apaixonadas ate o momento ahahahahahah meu Deus que psicopata,-1
12,Que saudades da minha maratona de #DuasCarasNoGloboplay,1
244,O que torna essa semana especial Ã© o lanÃ§amento da terceira temporada de sex education,1
422,"A chamada do clone, e como estou nesse momento: #OClone #ImpÃ©rio",1
885,picos de 25 quando a Jade for pega nas ruÃ­nas #OClone,1
101,em um caso serÃ­ssimo com a abertura de o bem amado,1
221,"queria por Tieta mas lembro 30% da novela, quero rever o luxo",1
176,Pelo visto cheguei na barriga de #MulheresDeAreia,0
776,a 3Âª temporada de Sex Education jÃ¡ estÃ¡ disponÃ­vel na Netflix.,0
65,"Amiga, eu tenho outras novelas maravilhosas pra vocÃª! ðŸ“º Duas Caras ðŸ“º Mulheres de Areia ðŸ“º Tieta ðŸ“º A Favorita TÃ¡ liberado escolher e se deliciar com uma (ou todas) da lista!",1
518,"To enrolando tanto essa novela, to no capitulo 29 ainda!!!!! #RoqueSanteiro",-1
468,Novela do ano mulheres apaixonadas batendo recorde na globo,1
616,"ðŸš¨ | Incluindo 6 Funko Pops! regulares e 2 exclusivos, a Funko acaba de anunciar a coleÃ§Ã£o de  Round 6 ! LanÃ§amento previsto para Maio de 2022. #Round6 #SquidGame",0
707,"Monaaa o besouro, a novela pedra sobre pedra, o besouro entrou na xoxota da menina, no dia seguinte ela apareceu grÃ¡vida",0
865,@fulano 1. Pantanal 2. Rei do Gado 3. Terra Nostra,0
432,AtÃ© entÃ£o gosto das duas pq nunca vi LaÃ§os de FamÃ­lia na Ã­ntegra ðŸ˜•,-1
411,"MVED NEWS:1)#JungHoYeon revela o que ela aprendeu com seu papel no  Squid Game  e a reaÃ§Ã£o a seus seguidores no Instagram A atriz de  Squid Game  Jung Ho Yeon participou de uma entrevista para a revista de moda Cosmopolitan, onde ela compartilhou sua reaÃ§Ã£o Ã  imensa + #mvednews",0
854,Terei eu que ir no RiR apenas pra cantar Zitti e Buoni no meu italiano que aprendi com Terra Nostra?,0
602,A terceira temporada de Sex Education jÃ¡ estÃ¡ disponÃ­vel na Netflix #SexEducation ,0
127,"essas novelas antigas, tirando a viagem, nÃ£o acho recomendÃ¡vel rever nenhuma, pq a maioria envelheceu igual leite, jÃ¡ que o povo nÃ£o era desconstruÃ­do e tals #TITITI",1
704,e o cadeirudo de a indomada? ðŸ˜‚ MEDO,0
818,"Assim que terminar Roque Santeiro, vou maratonar!",1
253,Botei mulheres apaixonadas pra assistir e ja to rindo demais da cristiane torloni falando sza,1
82,Essa mÃºsica da Madonna eu amo #AGataComeuNoGloboplay,1
413,"Se nÃ£o fosse o politicamente correto , bem q podia ser uma continuaÃ§Ã£o de Tieta do Agreste!! ðŸ¥°ðŸ¥°... falando nisso... pelo amor de Deus Aguinaldo!! O q Ã© q tinha na caixa da PerpÃ©tua??? O mundo precisa saber!!!",1
1013,Para mim a Heloisa de #Mulheresapaixonadas sofria Gaslighting #FantÃ¡stico,-1
554,minha mÃ£e assistindo mulheres de areia pela milionÃ©sima vez e choca um total de 0 pessoas,0
687,Foram revelados os novos Funko Pop! de Round 6/Squid Game. A coleÃ§Ã£o jÃ¡ estÃ¡ disponÃ­vel agora prÃ©-venda no site,0
808,Esperava a continuaÃ§Ã£o de Terra Nostra e recebi essa bomba. Gostei apenas do primeiro capÃ­tulo!,-1
287,"mulheres de areia, o cravo e a rosa, beth a feia, todas essas novelas eu ouÃ§o o som e jÃ¡ chego assim DE NOVO????",-1
499,"Hoje terminei #MulheresApaixonadas e posso dizer que amei a novela, mesmo sendo barriguda kkkk !! Achei uma novela realista, que trata de certas questÃµes importantes para a nossa sociedade, mesmo com seus defeitos !!!",1
197,Nunca calhou ver. JÃ¡ Pedra Sobre Pedra (e as quinhentas repetiÃ§Ãµes) Ã© provavelmente a primeira novela que me lembro de ver.,0
1031,Gloria Perez (autora) e Jayme Monjardim (diretor) comentam volta de #OClone no Vale a Pena Ver de Novo . Confira no link ðŸ‘‰ðŸ‘‰ðŸ‘‰,0
914,#AGataComeuNoGloboplay Eu amo muito,1
371,Ela falou em amor prÃ³prio finalmente #AGataComeuNoGloboplay,1
250,Minha mÃ£e se chama Simone por causa da novela Selva de Pedra kaakakkakakakak,0
243,A Bia foi de tieta aaa meu Deus que icÃ´nica ameiii e o outro de Jorge Tadeu,1
387,meu tt tÃ¡ pÃ©ssimo hj #AGataComeuNoGloboplay,-1
421,"toda vez que quero defender a malu, ela vai lÃ¡ e faz merda #mulheresdeareia",-1
211,"Uma confeitaria em Pequim lanÃ§ou um desafio baseado no programa para atrair a clientela mais jovem fÃ£ da sÃ©rie sul-coreana  Round 6 , que se tornou o tÃ­tulo mais assistido do catÃ¡logo da Netflix desde o lanÃ§amento ",1
38,"Querido diÃ¡rio, Hoje me senti a prÃ³pria Carolina Dieckman em LaÃ§os de FamÃ­lia porque minha nova rotina exige o cabelo curto. Eu poderia dizer que sacrifÃ­cios sÃ£o precisos, mas lembrei que ser brasileiro e pobre jÃ¡ Ã© tortura por si sÃ³.",-1
258,eu fui saber por causa da novela mulheres apaixonadas djejekekeke eu adoro o cd,1
612,"Sem revelar sua idade, qual foi seu primeiro crush na tv? Rodrigo Santoro em mulheres apaixonadas",1
69,caralho foquei tanto no lanÃ§amento de Montero que esqueci que tem temporada nova de Sex Education,-1
406,Esse povo nunca vai superar o fim de LaÃ§os de FamÃ­lia? Todo dia uma pessoa comparando com #TiTiTi HAJA SACO!,-1
8,"Entrevista comigo e com a Leninha, sobre o Round 6 trazer problemas para as crianÃ§as, no portal da colÃ´nia lusÃ³fona em Londres. #portallondres #Round6",-1
181,Tema da novela Pedra sobre Pedra. Tempos vividos anos atrÃ¡s.,0
920,Tieta de Roque Santeiro? Ou a PerpÃ©tua de Tieta?,0
267,te odeio alex te amo rodrigo lombardi #VerdadesSecretas,0
238,Explode CoraÃ§Ã£o. :) Os nomes das novelas sÃ£o todo um tratado.,1
441,VIDA PRA MIM AGORA Ã‰ A DINÃ #AViagemNoGloboplay,1
141,"De Benedito Ruy Barbosa, hÃ¡ 22 anos a Globo estreava #TerraNostra. Estrelada por Ana Paula ArÃ³sio, Thiago Lacerda, Raul Cortez, Gabriel Braga Nunes e Maria Fernanda CÃ¢ndida a trama estreou com 51 pontos e fechou seus 221 capÃ­tulos com 43.7 de mÃ©dia geral.",0
992,"a Babi Ã© de menor, olha a pedofilia aÃ­ ZÃ© MÃ¡rio... #AGataComeuNoGloboplay",-1
540,Quem menospreza LaÃ§os de FamÃ­lia por ser  lenta  Ã© justamente piroqueiro de audiÃªncia ou fÃ£ de circo https://t.co/5z62o3Gd4Y,-1
426,"Chegou mais uma pra disputar o posto de #Tieta se um dia a #Globo inventar de fazer remake da novela. Sinceramente, de todas as possÃ­veis candidatas , TaÃ­s Ã© pra mim a mais interessante! https://t.co/oKc5ugPXzd",1
498,A gaitada que eu dei kkk #AGataComeuNoGloboplay,1
97,Verdades secretas vai estar top hj baa,1
940,"eu fico impressionado como as novelas do Aguinaldo Silva conseguem ficar tÃ£o datadas, assistir reprise de alguma novela dele depois de Pedra sobre Pedra Ã© uma atividade insalubre",-1
692,LaÃ§os de FamÃ­lia Ã© meu top 3 do Maneco mas admito: Ã© a novela mais barriguda e parada dele e a re-re-reprise escancarou isso insuportÃ¡vel aquela fase pÃ³s-casamento da talarica e tambÃ©m demora bastante pra ela roubar o namorado da Helena,-1
467,Esse povo de novela se apaixona tÃ£o rÃ¡pido. Kkkkk #AFavorita,0
598,andreia bijou vÃª a alma de mÃ£e binah no ensaio da escola de samba e fica assustada capÃ­tulo 90 #DuasCaras #DuasCarasNoGloboplay,0
774,#AGataComeuNoGloboplay O FÃ¡bio enforcou a velha mds q doido,-1
955,Embora eu ache que Cristiano (Selva de Pedra) seja pior que AndrÃ©.,-1
94,crush: Thiago Lacerda na novela Terra Nostra,1
520,"chocolate com pimenta, ele foi criado como se fosse menina e dps descobriu que era menino",0
102,Cheguei no penÃºltimo capitulo de #MulheresApaixonadas,0
339,Assistindo Tieta numa aba e estudando na outra EquilÃ­brio Ã© tudo,0
600,acho a abertura de mulheres apaixonadas linda ðŸ˜­ðŸ˜­ðŸ˜­,1
989,"eu com o meu desse tocando b-day, o cd das mulheres apaixonadas internacional e os mini cds da coca-cola que vc trocava por tampinhas no mercado",0
533,GENTE POR FAVOR O CARA TA RASPANDO A CABEÃ‡A COM A MUSICA DO LAÃ‡OS DE FAMILIA ,0
0,Ã‰ o Luiz Caldas que cantava a mÃºsica de abertura de Tieta !,0
710,"#ExplodeCoraÃ§Ã£o era uma novela excelente de gloria perez. Hoje, as bizarrices que vemos nas novelas da quase extinta globo farÃ£o o grupo falir de vez. NinguÃ©m aguenta mais esse General que dar ordens de cima pra baixo literalmente pra destruir famÃ­lias e a prÃ³pria empresa.",1
657,O de laÃ§os de famÃ­lia era perfeito!,1
539,me deu uma vontade de assistir mulheres de areia agora,1
954,o selton mello nessa novela Ã© uma coisa tÃ£o (???) #pedrasobrepedra,0
154,NÃƒO Ã‰ UM TREINAMENTO! ðŸ”¥ðŸ† A 3Âª temporada de #SexEducation jÃ¡ estÃ¡ disponÃ­vel na @fulano ,0
542,"Que pena, hj mesmo comentei com um ex aluno o quanto as cenas dela em #VeredaTropical sÃ£o divertidas. Humorista Marina Miranda, da  Escolinha , morre aos 90 ano",1
713,NÃ£o acredito que ainda estou acordada sÃ³ pra esperar o lanÃ§amento da 3Â° temporada de #SexEducation,-1
838,a biografia do magnÃ­fico reitor francisco marcieira e a prÃ³pria bio do wilker #DuasCarasNoGloboplay,0
365,"Bia otÃ¡ria demais, dispensando um jantar que tem Alberto e Estela juntos, os maiores comiloes. Provavelmente perdeu um rodÃ­zio de massas. #AViagemNoGloboplay",-1
667,estou sem palavras o bem amado um dos maiores atos da teledramaturgia nunca vi uma novela tÃ£o atemporal minha doce terra sucupira!!! agradecimento mais que especial a kween que me acompanhou em mais uma trajetÃ³ria o sentimento Ã© de gratidÃ£o [fim da thread],1
487,JÃ¡ foi pra Vereda Tropical? TÃ¡ mais legal que Tieta.,-1
762,Mulheres de areia Ã© a melhor novela tnc,1
16,a rafa Ã© tÃ£o fofa e atenciosa e a clara deixando ela de lado por um cartÃ£o de crÃ©dito ai gente sem condiÃ§Ãµes #mulheresapaixonadas,1
400," esses moleques de hoje em dia sÃ£o muito otÃ¡rios, homem de verdade era aqueles do meu tempo de quenga  carreira, barbara, 2007 capÃ­tulo 54 #DuasCaras #DuasCarasNoGloboPlay https://t.co/IpwHsOV8L4",-1
39,"eu gosto da versÃ£o original de pantanal (1990) porque fez parte da minha infÃ¢ncia,",1
2,#AGataComeuNoGloboplay Eu nÃ£o sei se a OfÃ©lia tÃ¡ mais feliz com a coceira ou com dinheiro do Tony,1
466,"Dica do dia: Se vocÃª ainda nÃ£o viu Round 6, NÃƒO VEJA. O final Ã© uma MERDA INACREDITÃVEL. Essa sÃ©rie Ã© a maior trollada dos Ãºltimos anos na internet.",-1
384,"Eitaaaaaa! Selva de Pedra tbem vi, nÃ£o lembro da estÃ³ria, sÃ³ algumas cenas e q o Tony Ramos tinha um irmÃ£o gÃªmeo.",1
199,caralho verdades secretas hj pega fogo kkk ðŸ”¥,1
103,Verdades Secretas poderia se chamar Tudo que um Rico Escroto Pode Fazer em Prol do PrÃ³prio Pau #VerdadesSecretas,-1
262,uma correÃ§Ã£o: em laÃ§os de familia o boy (giane) era namorado da mÃ£e (helena) e a filha (camila) roubou.. nÃ£o o contrario kkkkk,0
208,"ðŸ˜½ - Eu nÃ£o dou mais nenhum passo. MUITO BEEEEM, JÃ”! - Cansei, cansei, cansei, canseeei, Tony Duarte. {te amo, JÃ´... segue firme, tÃ´ contigo ðŸ’– a carinha dela sabendo da alergia da Paula... ðŸ˜…ðŸ˜…ðŸ˜… impagÃ¡vel} #AGataComeuNoGLOBOPLAY",1
195,"Isso dona ConceiÃ§Ã£o, bota ordem nisso aÃ­! Bater em mulher nÃ£o dÃ¡! #AGataComeuNoGloboplay",1
130,E depois de #TerraNostra temos #LadoALado,0
994,O Danton Mello tava muito moleque nessa novela. Fofo. #Tieta,1
756,"AliÃ¡s, vereda tropical Ã© bom?",0
761,Triste que lÃ¡ na Ã©poca de Tieta e por aÃ­ o Aguinaldo tinha um viÃ©s muito de esquerda e progressista nas obras dele.,-1
450,"Eu tava conversando com uma amiga que se algum dia eu fosse conhecer a AndrÃ©a BeltrÃ£o, eu levaria meus discos de A Viagem e ArmaÃ§Ã£o Ilimitada pra ela autografar, agora EU PRECISO QUE ISSO ACONTEÃ‡A ALGUM DIA PLMDDS",1
716,"MÃºsica da novela Pedra sobre pedra, a melhor de sempre ðŸ™‚",1
534,chocolate com pimenta >>>,1
905,vagabund*s nojennt*s q Ã³dio se eles tem a porr* do dvd de selva de pedra e irmÃ£os coragem ficam nessa putari* de sÃ³ disponibilizar novela bomb*,-1
738,"NÃ£o bastasse Roque... quase 50 anos depois, Sucupira existe e, O Bem Amado parece ter sido inspirada no  aqui e agora ...Bizarro!",-1
70,muito 90 s culture ir mÃ³ galera deixar alguÃ©m no aeroporto pra uma viagem de poucos dias kkkk (esse tweet foi escrito vendo helena e edu embarcando pra TÃ³quio em laÃ§os de famÃ­lia),0
59,Dica de vÃ­deo de hoje. A sÃ©rie sul-coreana  ROUND 6 (Netflix) . Leia:,0
396,Quenga certificada pela Universidade de Tieta do Agreste. Derrubava os mocinhos nas praias de Salvador kkkk,0
228,jamais me esquecerei dela na cena do bebÃª morto em Terra Nostra.,0
972,Kkkkkk grande laÃ§os de famÃ­lia,0
409,depois da cena do beijinho doce na Favorita eles pegam ranÃ§o da flora kkkk,-1
107,#AGataComeuNoGloboplay Ester fingindo q nÃ£o acha a chave pra Lenita n saber do enxoval... Velha safada,-1
395,Te dou a vida me lembrou LaÃ§os de FamÃ­lia kkkkk,1
519,Falta dois dias pro lanÃ§amento da terceira temporada de sex education ðŸ™ŒðŸ˜»ðŸ˜»,1
23,aqui assistindo explode coraÃ§Ã£o e toda vez que alguÃ©m fala Darah na novela e percebo que nÃ£o Ã© comigo ou falando de mim eu fico ?????? ue n sou um alien e existe mais gente da minha tribo ??,0
884,"mulheres de areia Ã© tÃ£o atual, um fdp antivacina na prefeitura, apoiadores mais escrotos ainda...",-1
993,em um caso serÃ­ssimo com a abertura de o bem amado chocando 0 pessoas,1
869,Eu adoro as cenas onde quebram a quarta parede. #VeredaTropical,1
276,Quase na metade de #OBemAmado e Telma e Anita Medrado continuam a disputar quem Ã© mais insuportÃ¡vel.,-1
149,franÃ§oise forton em explode coraÃ§Ã£o estÃ¡ acima de muitas mas ninguÃ©m acima dela,1
286, Pedra sobre Pedra  lÃ¡ vai o Aguinaldo fazer referÃªncia Ã s prÃ³prias novelas deles. Mas Ã© um egocÃªntrico mesmo. #Imperio,-1
216,"branca c intuiÃ§Ã£o fortÃ­ssima em relaÃ§Ã£o a ferraÃ§o, sexto sentido apurado! #DuasCarasNoGloboplay",0
386,"TÃ´ numa entrevista de emprego e pareceu uma prova de Round 6 que o primeiro se ferra, pq nÃ£o sabia como ia rolar o negÃ³cio. E os Ãºltimos tem uma ideia",-1
633,Voltarei a assistir terra nostra,0
890,tÃ´ maratonando Verdades Secretas totalmente influenciada por VictÃ³ria e que novela/gente descompensada....,1
307,ontem eu cheguei numa parte de #DuasCarasNoGloboplay que eu tinha esquecido o quanto foi um desserviÃ§o. pensando seriamente em ver a Silvia sÃ³ pelos memes,-1
9,Martin Ã© pastor! Esse livro aÃ­ Ã© a BÃ­blia #serÃ¡ #AGataComeuNoGloboplay,0
470,"Assisti os 14 primeiros capÃ­tulos e sei lÃ¡ , nada me chamou a atenÃ§Ã£o... estanho que Ã© uma novela Ã¡gil mas tenho a impressÃ£o que falta algo ... mulheres de areia e mil vezes melhor",1
686,Ultimamente peguei um ranÃ§o da Esther...#AGataComeuNoGloboplay,-1
560,"Que pergunta didicil. Acho que a novela que mais assisti na vida, e nunca enjoei, Ã© LaÃ§os de famÃ­lia. Era pra estar empatada com por amor, mas abandonei a Ãºltima reprise pq nÃ£o aguento mais olhar pra cara da Regina Duarte, sinto nojo. Por isso, opto pela deslumbrante Vera Fischer",1
696,"man o tazercraft (que e publico infantil) tbm ta fazendo desde o lanÃ§amento da serie videos de round 6, quem tem que controlar o que os filhos assistem sao os pais nao o youtuber",-1
123,"round 6 Ã© a sÃ©rie mais assistida mundialmente e vocÃª JURA que ninguÃ©m ia se fantasiar dessa boneca, nÃ©??? agora me diz quem Ã© q tÃ¡ sendo a mais comentada???? dica n Ã© sua bonekinha aÃ­ nÃ£o ",-1
596,tenho um total de 0% de memÃ³rias da novela o clone,0
895,Ã‰ melhor pararem mesmo se nÃ£o quiserem ver a cara dela todo dia no remake de Terra Nostra ðŸ˜‚,0
980,Terceira temporada de Sex Education jÃ¡ estÃ¡ disponivel na Netflix,0
734,"ZÃ© Alfredo se jogando na piscina cheia de dinheiro ao som de Pedras que Cantam, tema de abertura da icÃ´nica Pedra sobre Pedra, Ã© uma das melhores e mais marcante cena dessa novela. #ImpÃ©rio",1
190,Essa abertura de Mulheres de Areia Ã© boa demar pqp KKKKKKK num paro de ouvir nam,1
613,me lembrou o segredo da caixa branca de perpetua em tieta do agreste grande novela da tv globo!!,0
683,"o ernesto me da uma vibe heloisa de mulheres apaixonadas, cara (n irei elaborar) #TeDouAVida002",0
769,RAUL VAI TOMA NO CUUUUUUU AAAAA KRALHO CARA CHATO DA P0RR444 NINGUÃ‰M TE AGUENTA MAISSSSSSSS #Aviagem #AviagemNoGloboplay Estela se voce der na cara dele eu passo pano,-1
478,A 3 Temporada de  Sex Education  JÃ¡ estÃ¡ DisponÃ­vel na @fulano ,0
987,"o gancho desse primeiro capÃ­tulo tÃ£o icÃ´nico! ah, como amo... #LaÃ§osDeFamilia ",1
343,"NÃ£o vai ter remake de mulheres de areia nÃ£o, isso Ã© fake",-1
745,Que novela maravilhosa Ã© #OBemAmado ðŸ§¡ðŸ’™ðŸ§¡ðŸ’™ðŸ§¡ðŸ’™ðŸ§¡ðŸ’™ðŸ§¡ðŸ’™ðŸ§¡ðŸ§¡ðŸ’™ðŸ§¡ðŸ’™ðŸ§¡ðŸ§¡ðŸ’™ðŸ§¡,1
650,Giovanna Antonelli sobre volta de O Clone : Sempre alguÃ©m me reconhece como Jade,1
892,Mulheres de areia seria um fenÃ´meno novamente,1
995,O ranÃ§o que eu tenho de Juvenal Antena nÃ£o tem base. #DuasCarasNoGloboplay,-1
780,a quÃ­mica da jÃºlia com o evilÃ¡sio misericÃ³rdia fico atÃ© sem ar. apoiando a palmitagem #DuasCarasNoGloboplay,1
760,Chegou o noivo (pobre) da Paula #AGataComeuNoGloboplay,0
81,@fulano Por Amor Ã© melhor q LaÃ§os de FamÃ­lia,1
326,A 3Âª temporada de SEX EDUCATION jÃ¡ estÃ¡ disponÃ­vel na Netflix! EstÃ¡ incrÃ­vel ðŸ¤© ðŸ¿ðŸ¤© ,1
393,"Fui seguir uma dica para ver sÃ©rie e depois voltar a estudar. Resolvi ver o ep 6 de round 6, desidratei de tanto chorar. PAROU.",-1
727,Dia 4 de outubro teremos duas novelas reestreando O Clone e Carinha De Anjo,0
967,"Eita!! Brasil e suas brasilidades ðŸ¤£ðŸ¤£ SÃ©rio...Ã s vezes me sinto dentro da novela O bem amado ( Dias Gomes) quem nunca assistiu , assista.",1
516,Vale tambÃ©m por Roque Santeiro e Tieta :),1
836,TÃ´ sÃ³ essa novela O Clone .kkk Vou asssistir quietinha.,1
697,Vamo lÃ¡ Rede Globo . Olha o talento que vcs estÃ£o perdendo . Vamos de fazer o remake de Terra Nostra e chamar o nosso italiano de verdade...ðŸ—£ï¸ðŸ—£ï¸ðŸ—£ï¸ðŸ—£ï¸ https://t.co/UGRTlrcftB,1
765,Parem de buzinar esses tratores e tocar o Hino (horroroso) do RS q eu estou maratonando Explode CoraÃ§Ã£o,1
879,terceira geraÃ§Ã£o de homens inteligentes e que gostam de ler #AGataComeuNoGloboplay,1
152,"Um pouco antes do lanÃ§amento da terceira temporada da sÃ©rie  Sex Education , a Netflix (@fulano divulgou um trailer da temporada, em seu canal do YouTube (@fulano e em suas redes sociais oficiais. ",0
452,atenÃ§Ã£o a chata vai falar vai andreza fala #AViagemNoGloboplay,-1
48,@fulano O Manoel Carlos escrevia LaÃ§os de FamÃ­lia em comic sans,0
615,@fulano A inesquecÃ­vel PERPÃ‰TUA de #Tieta,1
507,"Blz... Mas ainda estou pensando aqui, como colocaram a dica que deram para o mÃ©dico dentro de um ovo cozido em Round 6? Deram pra uma galinha comer por acaso? #Round6 #Netflix",0
753,@fulano Essa Tititi nÃ£o chega aos pÃ©s de LaÃ§os de FamÃ­lia.,-1
963,@fulano Poha de Round 6/six/seis quero Ã© lanÃ§amento nessa DamnationTV pra hoje,-1
29,comecei a assistir mulheres de areia e tÃ´ viciada,1
675,Terra Nostra ðŸ—£ï¸ðŸ…°ï¸ðŸ…°ï¸ðŸ—£ï¸ðŸ…°ï¸ðŸ…°ï¸ðŸ—£ï¸ðŸ…°ï¸ðŸ…°ï¸,1
140,"Toda vez que assisto selva de pedra fico cheia de Ã³dio. Nunca vou aceitar a Fernanda nÃ£o ter amado o Caio de verdade. Ela podia ter dado a volta por cima! Era sÃ³ um tratamento sÃ³, para a loucura da bichinha.",-1
462,Mds mulheres de areia Ã© uma novela mt boa kkkkk,1
55,@fulano Hoje vi um tiktok sobre a pÃ©ssima atuaÃ§Ã£o do Reynaldo Gianecchini em LaÃ§os de FamÃ­lia e lembrei de ti,-1
213,Fazer compras Ã© sempre um bom remÃ©dio. #DuasCarasNoGloboplay,0
831,DesgraÃ§ados pedindo dinheiro emprestado. Se eu ganho na loteria desapareÃ§o no outro dia! #AGataComeuNoGloboplay,-1
825,#NosTemposDoImperador com boa audiÃªncia. Vai subir ainda mais quando comeÃ§ar #OClone.,1
708,ganho sempre anos de vida com a estela defendendo o alberto #AViagemNoGloboplay,1
200,"pra mim o nome disso Ã© xenofobia mt mal disfarÃ§ada, vÃ¡rias crianÃ§as sÃ£o fantasiadas de bonecos assassinos e variados, e EU nunca vi essa movimentaÃ§Ã£o toda contra uma sÃ©rie/filme antes. squid game vem sendo alvo de coisas do tipo desde o lanÃ§amento e eu acho no mÃ­nimo absurdo ",-1
118,Poxa a Nair de #AGataComeu ðŸ˜¢ðŸ˜¢ðŸ˜¢,-1
1032,o pessoal achando que sexed up era uma mÃºsica romÃ¢ntica na Ã©poca de mulheres apaixonadas,1
643,o cenÃ£o que Ã© essa cena do virgÃ­lio assustado com o espantalho e morrendo logo em seguida. #mulheresdeareia,1
809,tato e nanÃ¡ tÃ£o bregas vinheta jesus #AViagemNoGloboplay,-1
555, Lembro da novela Explode CoraÃ§Ã£o ( acho ) kkkk,0
171,explode coraÃ§Ã£o Ã© uma enrolaÃ§Ã£o da porra pq eu tÃ´ assistindo essa novela?,-1
547,Eu nÃ£o vejo de comeÃ§ar logo o #OClone para enaltecer a minha latifa ðŸ˜,1
951," Round 6  jÃ¡ mostrou ser um sucesso da Netflix, mas tambÃ©m tem colecionado polÃªmicas desde o seu lanÃ§amento; saiba mais/ #Round6 #netflix #polemica / com @fulano e @fulano",-1
826,a Yanka de Explode CoraÃ§Ã£o mimada insuportÃ¡vel,-1
196,"Andam dizendo por aÃ­ que Bolsonaro foi visitar a Terra Nostra e deixou a Michele aos cuidados do Bombeiro   Meteu  ops, Mateo",-1
820,o Marcos escolheu tripudiar da Raquel quando nÃ£o Ã© a ardilosa (responderia a altura) aÃ­ ai coitada da Ruth #MulheresDeAreia,-1
853,Novela terminando com TÃ©o e Tato Ã© de lascar #AViagemNoGloboplay,-1
296,Esse episÃ³dio de Verdades Secretas de hoje Ã© tudo ðŸ—£ðŸ—£ðŸ—£ Kika dando de cara com o pai kkkkkkkkk #VerdadesSecretas,1
304,O ERIC DANDO A ENTREVISTA MEU DEUS EU AMO ESSE MENINO DE SEX EDUCATION KKKJKKK,1
439,Que crianÃ§a insuportÃ¡vel e intragÃ¡vel esse Renato. Entendo demais o ranÃ§o da SÃ­lvia! ðŸ¤£ðŸ¤£ðŸ¤£ #DuasCarasNoGloboplay #duascaras,0
526,Amo uma trilha #AGataComeuNoGloboplay,1
1008, O Rei do Gado/Mulheres de areia faria isso facinho fia kkkkkkk atÃ© mais Como eu falei ali  um clÃ¡ssico de verdade  ðŸ¤·â€â™‚ï¸,1
217,teo e tato tanta radiaÃ§Ã£o na minha tela que meu computador quase explodiu #AViagemNoGloboplay,-1
795,Acho que essa cadeira de rodas foi usada numa novela antiga da Globo  Selva de Pedra .,0
564,"Giovanna Antonelli relembra sucesso de Jade em O Clone : NÃ£o importa o lugar, sempre alguÃ©m me reconhece (via @fulano https://t.co/00xbuZXhsT",1
416,"Estranho,atÃ© onde eu sei a novela de maior ibope foi SELVA DE PEDRA que deu 100",1
10,top 3 agay silva â€” senhora do destino a indomada tieta,1
942,"rudolf tenta ridicularizar branca escrevendo loura facista e branca responde mas to bonita, em? benza deus capÃ­tulo 92 #DuasCaras #DuasCarasNoGloboplay",-1
878,"3 coisas detestÃ¡veis em cena: TÃ©o, Raul e feijoada. #AViagemNoGloboplay",-1
88," em #round6, como foi possÃ­vel colocar a dica do jogo no ovo?",0
991,"#OBemAmado, o melhor da teledramaturgia brasileira, antecipando o desempenho do atual presidente do Brasil hoje na ONU:",1
218,PrÃ³xima novela do vale a pena ver de novo vai ser O CloneðŸ¥ºðŸ¥ºðŸ™ðŸ»ðŸ™ðŸ»ðŸ™ðŸ» delÃ­cia,1
321,"xande - o clone, 2001",0
256,o machismo nesse capÃ­tulo de tieta. se bem que jÃ¡ era de esperar num fim de mundo desses... #tieta,-1
204,Tanto tempo q n vejo tv q nem sabia que estava dando verdades secretas,-1
162,EmpresÃ¡ria e influenciadora: Por onde anda a Simone de  LaÃ§os de FamÃ­lia  https://t.co/A4rfrFa70H,0
359,Depois do lanÃ§amento de Round 6 tiramos a conclusÃ£o de que todo Sangwoo Ã©: - ProblemÃ¡tico - Gostoso,1
300,"Para quem gostou de Round 6, vai amar essa sÃ©rie. Dica Para quem vai ficar em casa no fim de semana. ",1
732,Amo ver essa minissÃ©rie verdade secreta ðŸ¥°,1
682,Dia 4 eles estÃ£o de volta #Oclone,0
431,Eu amo quando ela encarna a personalidade Terra Nostra,1
678,Sempre belaðŸ¤©. Na primeira foto a Marina de Pedra Sobre Pedraâ™¥ï¸,1
33,mais cansada q a empregada da vera fischer em laÃ§os de famÃ­lia,-1
870,Explode CoraÃ§Ã£o. Pelo menos foi essa a novela q minha mÃ£e me falou q tava passando quando eu nasci ðŸ˜¶,0
642,"sempre dou boas risadas do tato se achando valentÃ£o, no mÃ¡ximo morde um calcanhar #AViagemNoGloboplay",1
153,um dia eu na maior inocÃªncia ousei dizer q preferia o cravo e a rosa do q chocolate com pimenta saÃ­ram atÃ© da minha entrada usb pra me esculhambar...,-1
575,"4. A GATA COMEU (1985) Confesso que, se visse hoje por causa da boa fama nÃ£o aguentaria... A novela Ã© divertida, brincalhona, leve, despretensiosa, mas... passa do ponto na romantizaÃ§Ã£o do machismo. Nem sempre o clima gostoso suaviza. Um clÃ¡ssico do seu tempo, enfim.",-1
165,"As monbebe dizendo que tava tudo chorando mas eu sÃ³ conseguia pensar na menina de LaÃ§os de FamÃ­lia, shownu me perdoa",0
915,vou esperar o lanÃ§amento de sex education,0
855,"Fui buscar pÃ£o hoje e achei um doguinho perdido na rua, mandei msg no grupo do condomÃ­nio e achei a dona. Agora estamos vidrados aqui vendo mulheres de areia. https://t.co/IsUlYGb0Mk",1
956,"Gaia, mas ai foi Mel por causa do o clone",0
352,Eu amava #Pedrasobrepedraâ¤ï¸ NÃ£o tinha pensado o quanto sÃ£o parecidos.,1
471,"@fulano Porra, mano era fraco demais. Ainda Ã©, mas em LaÃ§os de FamÃ­lia era constrangedor!!!",-1
361,NÃ£o perco por nada hj verdades secretas ..,1
126,"se rolar remake de tieta, os estÃºdios globo vÃ£o se transformar num campo de guerra",-1
891,A Amanda que ve Explode CoraÃ§Ã£o e eu que tenho sonho me imaginando de Serginho. Oh cÃ©us ðŸ¤¡ðŸ¤¡,-1
636,"italiano bom mesmo era os de Terra Nostra, de resto estou passando longe",1
98,a participaÃ§Ã£o perfeita da lady francisco em explode coraÃ§Ã£o veiii skskskkskskkskskskkskskskskskkss,1
449,#AGataComeuNoGloboplay JÃ´ rica mesmo tinha walkman,0
819,"Marina Miranda, a Nair de A Gata Comeu, faleceu hoje com 90 anos. Sinto muito. Revendo a novela, ela era muito engraÃ§ada.",1
272," tinha mais coisa mas eu nao lembro direito, eu tinha participado do round 6 uma vez e ganheikkkkkk ai fui ver a ediÃ§Ã£o di proximo ano mas eu tava ajudando disfarÃ§adamente umas pessoas pra elas ganharem e dando dica de como passar pra fase e fim",1
481,Eventos que eu considero bons se aproximando: segunda dose da vacina semana que vem e na outra semana a novela o clone no vale a pena ver de novo,1
328,Minha mente assim ðŸ˜µðŸ˜µðŸ¤¯ðŸ¤¯ agr que reparei na mÃºsica do Cazuza tocando ao fundo pq era tema da RenÃ©e e o Santoro em Explode CoraÃ§Ã£o #ParaisoTropicalNoVIVA,0
388,AS MÃƒOZINHAS #AViagemNoGloboplay,0
663,"eu vivo pra esse shipp, OtÃ¡vio e dinÃ¡ supremacia totalðŸ¤§ðŸ¤§ #AViagemnoGloboplay",1
248,Assistindo A favorita com a mÃ£e e temos que xingar a Flora em toda cena que ela aparece.,-1
460,TÃ´ doida pra ver verdades secretas.,1
850,"Como vi os episÃ³dios aleatÃ³rios, nÃ£o cheguei a ver na sequÃªncia o mÃ¡ximo que vi foram umas atitudes machistas do chefe dela. EntÃ£o realmente deve ser complicado. Mas Ã© assim mesmo, muita coisa evoluiu dessa data pra cÃ¡. A exemplo de LaÃ§os de FamÃ­lia que chocou muita gente",-1
25,#SexEducation jÃ¡ estÃ¡ disponÃ­vel na @fulano ,0
945,"pronto, depois de  laÃ§os de famÃ­lia  que maratonei no inÃ­cio da gravidez, voltei a Era Noveleira atÃ© meu filho nascer",1
773,Atribuiria esse viÃ©s de esquerda ao Ricardo Linhares que Ã© tambÃ©m autor de Tieta e colaborou com Silva inÃºmeras vezes,0
389,Celebridade/AmÃ©rica/Mulheres Apaixonadas nÃ£o dÃ¡ pra escolher sÃ³ uma delas,1
87,"Vou citar o acidente da Simone em Selva de Pedra. (VocÃª nÃ£o deve achar que foi bem feita, mas foi bem impactante pra mim.) ",1
543,quando eu tava vendo A Favorita eu nÃ£o aguentava mais ver a Flora e o ZÃ© Bob na cama se pegando fortemente ao som de Lenine,-1
